Factura;ID_Cliente;Categoría;Cantidad;Importe;Método de Pago;Fecha_Factura;Centro_Comercial;Canal;Género;Edad;Zona
I000001;C635512;Moda;4;2081.2;Otras Tarjetas;03/12/2022;Pozuelo;Web;Masculino;34;Centro
I000002;C974189;Libros;5;2355.45;Tarjeta ECI;21/03/2023;Diagonal;Web;Masculino;34;Sur
I000003;C352651;Supermercado;3;792.1;Efectivo;02/03/2020;Plaza Catalunya;Tienda física;Femenino;52;Centro
I000004;C360946;Moda;1;1859.29;Efectivo;24/08/2022;Princesa;Web;Femenino;61;Norte
I000005;C337093;Supermercado;5;105.99;Efectivo;09/08/2020;Princesa;Web;Femenino;58;Centro
I000006;C196765;Souvenirs;4;3554.14;Tarjeta ECI;08/08/2023;Pintor Sorolla;Web;Masculino;49;Norte
I000007;C613534;Electrónica;5;3334.47;Tarjeta ECI;25/06/2022;Marbella;Web;Masculino;36;Sur
I000008;C770580;Supermercado;2;3625.84;Efectivo;05/01/2022;Plaza Catalunya;Web;Masculino;41;Cliente Online
I000009;C291258;Zapatería;3;1182.66;Efectivo;07/01/2021;Bilbao;Web;Masculino;62;Centro
I000010;C358459;Supermercado;4;797.92;Otras Tarjetas;01/05/2020;Web ECI;Web;Masculino;27;Centro
I000011;C764849;Juguetería;3;2850.78;Tarjeta ECI;26/10/2021;Pintor Sorolla;Web;Masculino;43;Sur
I000012;C870247;Zapatería;5;2002.67;Efectivo;27/10/2022;Bilbao;Web;Masculino;39;Centro
I000013;C260416;Libros;1;3809.68;Tarjeta ECI;06/03/2021;Plaza Catalunya;Web;Masculino;23;Norte
I000014;C985873;Electrónica;5;3007.83;Otras Tarjetas;09/09/2023;Pintor Sorolla;Tienda física;Femenino;55;Sur
I000015;C439041;Perfumería;1;707.71;Efectivo;23/10/2020;Diagonal;Tienda física;Femenino;44;Centro
I000016;C518892;Moda;5;3980.56;Efectivo;17/11/2020;Pozuelo;Tienda física;Masculino;26;Cliente Online
I000017;C748109;Perfumería;2;39.19;Otras Tarjetas;26/08/2022;Marbella;Tienda física;Masculino;20;Centro
I000018;C466904;Perfumería;5;3706.39;Otras Tarjetas;17/03/2022;Castellana;Web;Masculino;52;Sur
I000019;C412960;Juguetería;1;3524.69;Efectivo;09/05/2020;Diagonal;Tienda física;Femenino;33;Centro
I000020;C552259;Perfumería;2;809.32;Efectivo;19/11/2020;Plaza Catalunya;Tienda física;Masculino;50;Centro
I000021;C790578;Perfumería;3;1846.67;Tarjeta ECI;30/12/2020;Princesa;Tienda física;Masculino;61;Norte
I000022;C662677;Supermercado;4;2754.48;Otras Tarjetas;14/01/2023;Diagonal;Tienda física;Femenino;48;Norte
I000023;C923314;Perfumería;3;517.36;Tarjeta ECI;12/03/2020;Web ECI;Web;Masculino;28;Cliente Online
I000024;C820981;Libros;3;1699.57;Efectivo;11/07/2023;Goya;Web;Femenino;23;Centro
I000025;C391569;Supermercado;4;2880.73;Tarjeta ECI;07/08/2022;Web ECI;Tienda física;Femenino;58;Centro
I000026;C466765;Libros;1;2613.02;Efectivo;16/06/2021;Goya;Web;Masculino;50;Sur
I000027;C610901;Souvenirs;5;150.7;Efectivo;13/07/2021;Plaza Catalunya;Web;Masculino;52;Norte
I000028;C408942;Souvenirs;2;1427.4;Tarjeta ECI;11/06/2021;Web ECI;Tienda física;Femenino;48;Centro
I000029;C755634;Electrónica;2;2899.57;Otras Tarjetas;28/07/2022;Diagonal;Tienda física;Femenino;64;Sur
I000030;C681893;Supermercado;1;1853.82;Tarjeta ECI;27/03/2022;Diagonal;Tienda física;Femenino;33;Cliente Online
I000031;C326492;Perfumería;2;4202.68;Efectivo;02/11/2021;Pozuelo;Web;Masculino;18;Sur
I000032;C931980;Zapatería;3;2825.01;Tarjeta ECI;19/10/2021;Bilbao;Tienda física;Masculino;69;Cliente Online
I000033;C729454;Juguetería;3;3430.49;Otras Tarjetas;07/06/2022;Plaza Catalunya;Web;Masculino;56;Centro
I000034;C195126;Juguetería;3;2170.51;Efectivo;21/08/2021;Pintor Sorolla;Tienda física;Femenino;54;Norte
I000035;C488500;Supermercado;2;3545.86;Efectivo;24/11/2021;Pozuelo;Web;Femenino;27;Norte
I000036;C624034;Zapatería;1;4584.09;Tarjeta ECI;25/04/2021;Princesa;Tienda física;Masculino;39;Norte
I000037;C513281;Supermercado;3;4512.13;Efectivo;24/10/2023;Diagonal;Web;Masculino;20;Centro
I000038;C683072;Perfumería;3;2298.72;Efectivo;07/05/2021;Diagonal;Tienda física;Femenino;63;Sur
I000039;C267368;Zapatería;2;1537.51;Efectivo;11/06/2020;Castellana;Tienda física;Masculino;56;Cliente Online
I000040;C502828;Moda;1;2507.15;Tarjeta ECI;22/07/2021;Princesa;Tienda física;Masculino;37;Centro
I000041;C146957;Perfumería;5;2753.9;Otras Tarjetas;24/10/2022;Diagonal;Tienda física;Femenino;67;Centro
I000042;C118314;Perfumería;5;470.49;Efectivo;25/03/2022;Bilbao;Tienda física;Femenino;30;Sur
I000043;C754999;Supermercado;1;2480.39;Otras Tarjetas;04/03/2021;Plaza Catalunya;Tienda física;Femenino;28;Centro
I000044;C829436;Perfumería;4;2420.18;Otras Tarjetas;27/07/2020;Bilbao;Tienda física;Masculino;65;Centro
I000045;C217704;Electrónica;4;1009.24;Efectivo;25/02/2021;Goya;Tienda física;Femenino;43;Sur
I000046;C813432;Supermercado;3;4473.83;Tarjeta ECI;10/03/2020;Marbella;Tienda física;Femenino;49;Centro
I000047;C459313;Electrónica;1;1224.3;Tarjeta ECI;06/03/2020;Pintor Sorolla;Tienda física;Masculino;46;Centro
I000048;C793171;Supermercado;4;1529.9;Efectivo;07/02/2021;Plaza Catalunya;Tienda física;Femenino;43;Norte
I000049;C563034;Moda;4;751.68;Tarjeta ECI;01/04/2020;Plaza Catalunya;Tienda física;Femenino;63;Norte
I000050;C418373;Libros;2;4323.11;Efectivo;20/04/2020;Pozuelo;Web;Masculino;40;Cliente Online
I000051;C533893;Libros;5;4013.83;Efectivo;17/05/2022;Pintor Sorolla;Web;Femenino;50;Centro
I000052;C172058;Electrónica;4;4746.65;Efectivo;22/01/2022;Pintor Sorolla;Tienda física;Femenino;52;Cliente Online
I000053;C236892;Zapatería;3;583.43;Tarjeta ECI;31/03/2022;Bilbao;Tienda física;Masculino;64;Centro
I000054;C968922;Zapatería;4;1590.99;Otras Tarjetas;12/02/2021;Goya;Web;Masculino;66;Norte
I000055;C409410;Electrónica;2;4375.03;Tarjeta ECI;17/12/2021;Diagonal;Web;Masculino;51;Cliente Online
I000056;C175029;Souvenirs;4;4075.68;Otras Tarjetas;08/05/2021;Pozuelo;Tienda física;Masculino;51;Sur
I000057;C304266;Perfumería;1;4605.38;Tarjeta ECI;02/09/2020;Pintor Sorolla;Web;Masculino;50;Norte
I000058;C570189;Perfumería;4;610.32;Efectivo;12/10/2023;Pozuelo;Web;Femenino;34;Sur
I000059;C665600;Zapatería;1;1459.36;Tarjeta ECI;16/11/2020;Web ECI;Tienda física;Femenino;44;Cliente Online
I000060;C639798;Libros;3;642.13;Tarjeta ECI;25/09/2023;Marbella;Web;Femenino;29;Centro
I000061;C566072;Juguetería;3;1572.01;Efectivo;10/01/2022;Castellana;Tienda física;Masculino;47;Sur
I000062;C376834;Juguetería;5;2214.89;Tarjeta ECI;01/10/2023;Bilbao;Tienda física;Masculino;43;Cliente Online
I000063;C246122;Juguetería;5;3224.32;Otras Tarjetas;25/10/2022;Pintor Sorolla;Tienda física;Masculino;57;Norte
I000064;C120554;Libros;3;1205.62;Tarjeta ECI;28/10/2020;Diagonal;Web;Masculino;61;Cliente Online
I000065;C136049;Juguetería;3;2567.75;Otras Tarjetas;15/01/2023;Castellana;Web;Masculino;54;Norte
I000066;C155126;Souvenirs;3;1482.39;Efectivo;19/01/2023;Pintor Sorolla;Tienda física;Femenino;58;Cliente Online
I000067;C913232;Souvenirs;3;4117.26;Tarjeta ECI;16/01/2023;Marbella;Tienda física;Femenino;52;Cliente Online
I000068;C891612;Libros;3;3934.43;Tarjeta ECI;10/11/2023;Goya;Tienda física;Femenino;27;Cliente Online
I000069;C383041;Libros;4;1304.44;Otras Tarjetas;31/08/2021;Bilbao;Web;Femenino;26;Sur
I000070;C336474;Electrónica;1;566.97;Efectivo;10/07/2021;Princesa;Tienda física;Masculino;37;Cliente Online
I000071;C970810;Electrónica;5;971.83;Tarjeta ECI;06/01/2023;Pozuelo;Tienda física;Femenino;65;Norte
I000072;C758525;Zapatería;1;144.32;Efectivo;30/06/2022;Princesa;Web;Femenino;69;Cliente Online
I000073;C727987;Souvenirs;1;102.17;Efectivo;23/08/2023;Pozuelo;Web;Masculino;68;Norte
I000074;C744162;Supermercado;4;3246.66;Otras Tarjetas;24/05/2020;Castellana;Tienda física;Femenino;21;Norte
I000075;C800940;Zapatería;4;1799.27;Efectivo;20/07/2022;Bilbao;Web;Masculino;22;Cliente Online
I000076;C574385;Supermercado;5;1222.99;Efectivo;28/01/2022;Web ECI;Tienda física;Masculino;51;Sur
I000077;C694364;Zapatería;4;3565.34;Efectivo;20/01/2022;Castellana;Web;Masculino;21;Sur
I000078;C697807;Juguetería;3;3674.19;Otras Tarjetas;12/12/2022;Princesa;Tienda física;Masculino;46;Sur
I000079;C740802;Perfumería;3;3895.86;Tarjeta ECI;06/10/2023;Plaza Catalunya;Web;Femenino;33;Norte
I000080;C910810;Libros;1;3450.08;Otras Tarjetas;30/09/2023;Goya;Tienda física;Masculino;69;Norte
I000081;C543920;Moda;5;1264.81;Efectivo;07/06/2021;Goya;Tienda física;Masculino;22;Cliente Online
I000082;C945965;Zapatería;2;1942.07;Efectivo;14/12/2022;Bilbao;Tienda física;Masculino;42;Sur
I000083;C666858;Supermercado;4;1315.82;Tarjeta ECI;12/03/2021;Castellana;Web;Femenino;38;Sur
I000084;C292370;Perfumería;2;731.47;Otras Tarjetas;14/02/2022;Goya;Web;Masculino;25;Centro
I000085;C451734;Supermercado;5;1887.99;Tarjeta ECI;04/09/2021;Princesa;Tienda física;Femenino;59;Norte
I000086;C240453;Juguetería;5;236.74;Tarjeta ECI;09/08/2021;Goya;Web;Femenino;66;Norte
I000087;C193539;Supermercado;5;3625.05;Efectivo;16/09/2020;Pintor Sorolla;Tienda física;Masculino;33;Norte
I000088;C627644;Juguetería;1;1212.2;Otras Tarjetas;17/04/2020;Goya;Tienda física;Femenino;25;Cliente Online
I000089;C604921;Supermercado;1;2695.98;Otras Tarjetas;31/10/2022;Princesa;Web;Femenino;45;Sur
I000090;C560735;Libros;4;3436.22;Otras Tarjetas;21/09/2020;Princesa;Web;Femenino;21;Norte
I000091;C381684;Electrónica;4;4943.44;Tarjeta ECI;27/05/2022;Diagonal;Tienda física;Masculino;25;Sur
I000092;C793127;Juguetería;5;3707.95;Tarjeta ECI;04/05/2023;Diagonal;Tienda física;Femenino;20;Cliente Online
I000093;C456391;Electrónica;3;4191.83;Tarjeta ECI;26/06/2021;Goya;Tienda física;Femenino;40;Sur
I000094;C588466;Moda;5;4286.45;Efectivo;15/02/2023;Castellana;Web;Femenino;42;Norte
I000095;C909739;Perfumería;4;734.91;Efectivo;03/11/2020;Plaza Catalunya;Web;Femenino;68;Centro
I000096;C380895;Perfumería;2;2919.13;Otras Tarjetas;28/01/2023;Web ECI;Tienda física;Femenino;56;Centro
I000097;C985599;Zapatería;1;2383.79;Efectivo;24/08/2022;Pozuelo;Web;Masculino;29;Cliente Online
I000098;C348608;Juguetería;1;2059.83;Efectivo;12/09/2021;Bilbao;Web;Masculino;30;Centro
I000099;C917703;Zapatería;2;3919.44;Efectivo;27/06/2020;Castellana;Web;Masculino;49;Centro
I000100;C456776;Moda;4;66.32;Efectivo;16/01/2021;Bilbao;Tienda física;Femenino;43;Cliente Online
I000101;C495902;Electrónica;4;2030.58;Tarjeta ECI;14/11/2023;Goya;Tienda física;Femenino;33;Cliente Online
I000102;C845212;Moda;3;3821.31;Efectivo;23/04/2021;Castellana;Web;Femenino;53;Sur
I000103;C725779;Juguetería;3;1418.9;Tarjeta ECI;17/03/2023;Diagonal;Web;Masculino;27;Cliente Online
I000104;C107758;Moda;2;951.01;Otras Tarjetas;07/11/2020;Diagonal;Web;Masculino;54;Centro
I000105;C989987;Perfumería;2;1706.56;Efectivo;18/01/2021;Princesa;Tienda física;Femenino;32;Norte
I000106;C292984;Libros;1;275.49;Otras Tarjetas;09/09/2020;Pozuelo;Tienda física;Femenino;28;Norte
I000107;C652483;Libros;2;3379.24;Otras Tarjetas;13/05/2021;Pozuelo;Tienda física;Femenino;55;Sur
I000108;C942978;Electrónica;2;2098.22;Tarjeta ECI;29/05/2021;Web ECI;Web;Masculino;65;Norte
I000109;C214314;Perfumería;1;4757.37;Efectivo;08/11/2020;Diagonal;Web;Femenino;49;Centro
I000110;C862513;Juguetería;2;3669.6;Otras Tarjetas;14/07/2022;Plaza Catalunya;Tienda física;Masculino;30;Norte
I000111;C700287;Electrónica;4;2498.3;Otras Tarjetas;02/01/2021;Diagonal;Web;Femenino;22;Norte
I000112;C334139;Perfumería;1;1624.91;Otras Tarjetas;09/09/2023;Diagonal;Tienda física;Femenino;62;Cliente Online
I000113;C662440;Souvenirs;4;2251.6;Tarjeta ECI;12/06/2020;Web ECI;Web;Masculino;33;Norte
I000114;C377580;Perfumería;5;2324.07;Efectivo;12/10/2020;Goya;Web;Masculino;58;Cliente Online
I000115;C564713;Electrónica;1;522.32;Otras Tarjetas;14/01/2023;Bilbao;Web;Masculino;39;Sur
I000116;C860752;Juguetería;1;3166.61;Tarjeta ECI;07/04/2020;Marbella;Web;Masculino;28;Sur
I000117;C457797;Zapatería;2;2524.09;Efectivo;30/07/2023;Pintor Sorolla;Web;Femenino;42;Cliente Online
I000118;C673200;Zapatería;4;3578.35;Tarjeta ECI;19/06/2023;Marbella;Tienda física;Masculino;42;Norte
I000119;C976710;Perfumería;2;1049.29;Otras Tarjetas;21/11/2022;Princesa;Web;Femenino;63;Norte
I000120;C954505;Souvenirs;2;3830.75;Efectivo;12/08/2022;Pintor Sorolla;Tienda física;Masculino;42;Cliente Online
I000121;C632347;Perfumería;4;795.22;Efectivo;22/07/2023;Plaza Catalunya;Tienda física;Femenino;51;Centro
I000122;C906251;Moda;3;4621.95;Efectivo;08/05/2021;Pozuelo;Tienda física;Femenino;29;Norte
I000123;C162195;Libros;2;2947.84;Tarjeta ECI;06/07/2020;Diagonal;Web;Femenino;52;Sur
I000124;C477793;Souvenirs;1;1944.4;Tarjeta ECI;02/06/2023;Bilbao;Web;Femenino;53;Centro
I000125;C333356;Souvenirs;5;4850.1;Tarjeta ECI;13/11/2022;Castellana;Tienda física;Masculino;61;Sur
I000126;C980248;Juguetería;1;4993.93;Tarjeta ECI;08/12/2021;Pintor Sorolla;Web;Masculino;24;Centro
I000127;C828328;Supermercado;4;488.67;Tarjeta ECI;16/04/2021;Plaza Catalunya;Web;Femenino;23;Centro
I000128;C255871;Perfumería;3;879.1;Otras Tarjetas;10/12/2022;Bilbao;Tienda física;Femenino;38;Centro
I000129;C533745;Zapatería;4;118.69;Tarjeta ECI;03/09/2021;Diagonal;Web;Masculino;34;Cliente Online
I000130;C181354;Supermercado;4;1018.52;Otras Tarjetas;31/12/2020;Castellana;Tienda física;Femenino;65;Centro
I000131;C790562;Supermercado;1;2671.35;Tarjeta ECI;26/10/2020;Princesa;Tienda física;Masculino;46;Sur
I000132;C792502;Zapatería;2;4448.43;Otras Tarjetas;21/12/2022;Web ECI;Tienda física;Masculino;33;Sur
I000133;C472221;Supermercado;2;2737.27;Efectivo;17/10/2023;Marbella;Web;Masculino;41;Sur
I000134;C658033;Moda;5;4234.4;Tarjeta ECI;19/01/2021;Castellana;Tienda física;Masculino;27;Norte
I000135;C422322;Supermercado;4;2684.64;Tarjeta ECI;19/09/2023;Princesa;Tienda física;Masculino;60;Norte
I000136;C759247;Libros;2;349.89;Efectivo;07/11/2020;Pintor Sorolla;Web;Femenino;23;Norte
I000137;C401254;Libros;5;1346.44;Tarjeta ECI;05/06/2023;Web ECI;Tienda física;Femenino;69;Sur
I000138;C743456;Libros;4;29.55;Otras Tarjetas;19/02/2023;Marbella;Web;Femenino;25;Norte
I000139;C132142;Perfumería;5;1596.66;Otras Tarjetas;17/11/2023;Plaza Catalunya;Web;Masculino;51;Norte
I000140;C422281;Juguetería;1;4952.92;Efectivo;02/09/2021;Princesa;Web;Masculino;34;Norte
I000141;C166124;Libros;3;4715.69;Tarjeta ECI;25/06/2023;Pozuelo;Web;Femenino;35;Sur
I000142;C487214;Moda;3;4861.31;Tarjeta ECI;23/04/2023;Pozuelo;Web;Femenino;43;Cliente Online
I000143;C474443;Zapatería;5;4442.91;Tarjeta ECI;16/05/2020;Plaza Catalunya;Tienda física;Masculino;65;Centro
I000144;C179891;Souvenirs;5;441.09;Tarjeta ECI;09/12/2020;Castellana;Web;Masculino;25;Centro
I000145;C937423;Souvenirs;1;2390.83;Efectivo;10/07/2020;Bilbao;Tienda física;Masculino;37;Norte
I000146;C554571;Perfumería;5;3914.7;Tarjeta ECI;04/09/2022;Pozuelo;Tienda física;Femenino;38;Cliente Online
I000147;C654663;Libros;4;4668.42;Efectivo;10/08/2020;Web ECI;Tienda física;Femenino;28;Cliente Online
I000148;C709123;Moda;4;3831.84;Efectivo;14/03/2021;Bilbao;Tienda física;Femenino;27;Sur
I000149;C353778;Perfumería;4;3774.82;Tarjeta ECI;27/04/2023;Web ECI;Web;Masculino;55;Centro
I000150;C644363;Supermercado;1;4104.86;Efectivo;11/09/2023;Marbella;Web;Femenino;52;Centro
I000151;C225708;Moda;5;4737.76;Otras Tarjetas;14/01/2021;Diagonal;Tienda física;Masculino;65;Centro
I000152;C379727;Supermercado;5;1813.69;Tarjeta ECI;16/09/2021;Web ECI;Tienda física;Femenino;24;Sur
I000153;C106637;Zapatería;5;3103.65;Tarjeta ECI;19/06/2022;Pintor Sorolla;Tienda física;Femenino;36;Norte
I000154;C532690;Electrónica;2;2692.18;Tarjeta ECI;20/07/2021;Marbella;Web;Masculino;24;Cliente Online
I000155;C822290;Libros;2;2377.56;Otras Tarjetas;25/08/2020;Bilbao;Web;Femenino;31;Centro
I000156;C629781;Electrónica;1;623.07;Otras Tarjetas;13/09/2021;Plaza Catalunya;Web;Masculino;59;Cliente Online
I000157;C899437;Perfumería;5;82.77;Efectivo;27/08/2022;Princesa;Web;Femenino;44;Norte
I000158;C809306;Zapatería;5;2263.05;Efectivo;21/09/2020;Web ECI;Tienda física;Masculino;67;Centro
I000159;C271393;Perfumería;4;1787.36;Otras Tarjetas;18/03/2021;Castellana;Web;Femenino;30;Cliente Online
I000160;C451310;Electrónica;4;2780.71;Tarjeta ECI;20/10/2022;Bilbao;Web;Femenino;66;Centro
I000161;C885014;Zapatería;3;1340.77;Tarjeta ECI;09/09/2020;Pintor Sorolla;Web;Femenino;52;Centro
I000162;C837964;Supermercado;1;2285.37;Tarjeta ECI;02/02/2022;Web ECI;Web;Femenino;51;Cliente Online
I000163;C785510;Juguetería;2;3669.93;Tarjeta ECI;15/03/2022;Princesa;Web;Masculino;60;Sur
I000164;C790036;Zapatería;5;2992.89;Otras Tarjetas;01/07/2022;Pintor Sorolla;Web;Masculino;47;Centro
I000165;C252255;Supermercado;3;4273.76;Tarjeta ECI;27/12/2021;Pintor Sorolla;Web;Masculino;20;Cliente Online
I000166;C714914;Souvenirs;4;4807.76;Efectivo;31/08/2023;Pintor Sorolla;Web;Femenino;42;Cliente Online
I000167;C463896;Perfumería;1;3596.59;Tarjeta ECI;07/03/2020;Goya;Tienda física;Masculino;20;Centro
I000168;C127404;Moda;1;4739.02;Efectivo;16/10/2023;Goya;Web;Masculino;55;Centro
I000169;C647615;Moda;4;215.69;Efectivo;28/07/2022;Plaza Catalunya;Tienda física;Masculino;43;Norte
I000170;C129630;Moda;2;1022.53;Efectivo;29/09/2023;Goya;Web;Masculino;37;Norte
I000171;C127085;Electrónica;1;847.48;Tarjeta ECI;27/05/2023;Marbella;Web;Femenino;45;Sur
I000172;C450354;Libros;2;2046.15;Otras Tarjetas;23/11/2021;Goya;Tienda física;Masculino;64;Sur
I000173;C300464;Supermercado;4;365.22;Otras Tarjetas;16/08/2022;Princesa;Tienda física;Femenino;32;Cliente Online
I000174;C655146;Souvenirs;2;4595.67;Tarjeta ECI;08/11/2021;Diagonal;Tienda física;Femenino;46;Cliente Online
I000175;C466202;Libros;4;556.73;Tarjeta ECI;05/10/2021;Plaza Catalunya;Web;Femenino;19;Centro
I000176;C271101;Souvenirs;3;887.25;Efectivo;28/09/2023;Plaza Catalunya;Tienda física;Masculino;34;Cliente Online
I000177;C435214;Souvenirs;4;484.1;Tarjeta ECI;12/07/2020;Pintor Sorolla;Web;Masculino;39;Cliente Online
I000178;C831884;Moda;2;1994.37;Tarjeta ECI;30/11/2023;Plaza Catalunya;Tienda física;Masculino;55;Cliente Online
I000179;C272705;Juguetería;1;4044.38;Efectivo;11/10/2023;Goya;Web;Masculino;31;Sur
I000180;C585855;Souvenirs;2;4407.94;Efectivo;10/02/2020;Bilbao;Web;Femenino;46;Sur
I000181;C359231;Souvenirs;2;78.62;Tarjeta ECI;18/03/2020;Marbella;Web;Femenino;27;Norte
I000182;C266498;Supermercado;2;298.68;Tarjeta ECI;17/06/2021;Diagonal;Tienda física;Femenino;21;Cliente Online
I000183;C118496;Electrónica;2;1440.01;Tarjeta ECI;24/02/2021;Princesa;Web;Masculino;20;Norte
I000184;C197752;Juguetería;5;4352.17;Efectivo;20/12/2022;Pozuelo;Web;Masculino;23;Cliente Online
I000185;C627811;Juguetería;2;4330.59;Otras Tarjetas;28/06/2023;Goya;Tienda física;Femenino;34;Cliente Online
I000186;C978665;Electrónica;3;4244.42;Otras Tarjetas;01/07/2021;Pozuelo;Web;Femenino;61;Sur
I000187;C720794;Juguetería;5;4605.95;Efectivo;13/11/2021;Plaza Catalunya;Tienda física;Masculino;34;Cliente Online
I000188;C247669;Libros;4;78.13;Tarjeta ECI;15/01/2022;Princesa;Web;Femenino;41;Cliente Online
I000189;C981171;Zapatería;3;1398.31;Tarjeta ECI;10/03/2022;Pintor Sorolla;Tienda física;Femenino;40;Sur
I000190;C361363;Electrónica;1;4259.74;Efectivo;07/01/2020;Marbella;Tienda física;Femenino;35;Norte
I000191;C794148;Perfumería;2;3951.26;Efectivo;28/08/2021;Bilbao;Web;Masculino;55;Centro
I000192;C953535;Electrónica;4;1367.38;Otras Tarjetas;25/04/2020;Diagonal;Tienda física;Femenino;62;Sur
I000193;C588953;Souvenirs;4;1195.09;Efectivo;27/01/2022;Plaza Catalunya;Tienda física;Masculino;38;Sur
I000194;C798373;Libros;1;1138.25;Tarjeta ECI;06/09/2020;Web ECI;Web;Masculino;41;Norte
I000195;C578459;Moda;5;1093.76;Otras Tarjetas;30/12/2020;Pintor Sorolla;Tienda física;Masculino;64;Cliente Online
I000196;C127334;Juguetería;2;1819.16;Efectivo;16/05/2022;Castellana;Web;Femenino;66;Cliente Online
I000197;C116521;Libros;1;3499.84;Efectivo;11/12/2021;Princesa;Web;Femenino;41;Cliente Online
I000198;C880951;Supermercado;1;3981.23;Otras Tarjetas;01/08/2021;Goya;Web;Femenino;36;Norte
I000199;C797308;Supermercado;3;3037.56;Efectivo;16/04/2023;Plaza Catalunya;Tienda física;Femenino;35;Sur
I000200;C930731;Zapatería;5;3275.68;Otras Tarjetas;21/08/2021;Plaza Catalunya;Web;Femenino;22;Centro
I000201;C754824;Supermercado;5;148.36;Otras Tarjetas;22/08/2022;Pintor Sorolla;Tienda física;Femenino;24;Cliente Online
I000202;C528609;Moda;4;1230.23;Efectivo;15/09/2020;Pintor Sorolla;Web;Femenino;68;Centro
I000203;C590918;Juguetería;4;3708.17;Tarjeta ECI;15/07/2023;Goya;Web;Femenino;43;Cliente Online
I000204;C250516;Souvenirs;5;1800.63;Tarjeta ECI;20/05/2023;Bilbao;Tienda física;Femenino;18;Centro
I000205;C680332;Souvenirs;2;3147.82;Tarjeta ECI;01/07/2020;Goya;Web;Femenino;29;Norte
I000206;C673466;Electrónica;5;4949.74;Tarjeta ECI;09/08/2021;Web ECI;Tienda física;Masculino;67;Sur
I000207;C316837;Juguetería;2;4713.6;Efectivo;13/02/2020;Pintor Sorolla;Web;Femenino;19;Norte
I000208;C826025;Electrónica;1;701.21;Efectivo;27/10/2022;Pozuelo;Tienda física;Femenino;47;Cliente Online
I000209;C571895;Electrónica;4;3253.38;Otras Tarjetas;18/10/2022;Web ECI;Web;Femenino;67;Centro
I000210;C467681;Supermercado;1;873.9;Efectivo;11/06/2023;Marbella;Web;Femenino;66;Sur
I000211;C292290;Supermercado;3;1443.01;Tarjeta ECI;19/08/2021;Goya;Web;Femenino;55;Norte
I000212;C952417;Perfumería;1;4212.29;Efectivo;17/04/2021;Goya;Tienda física;Femenino;31;Cliente Online
I000213;C632181;Libros;4;679.29;Efectivo;23/04/2023;Goya;Tienda física;Femenino;33;Norte
I000214;C110892;Supermercado;2;4149.12;Efectivo;13/02/2020;Pintor Sorolla;Web;Femenino;62;Sur
I000215;C965974;Perfumería;5;1284.39;Efectivo;21/03/2021;Diagonal;Tienda física;Masculino;37;Sur
I000216;C609320;Souvenirs;1;4308.01;Otras Tarjetas;12/09/2021;Marbella;Web;Masculino;48;Centro
I000217;C227039;Supermercado;3;3273.41;Tarjeta ECI;26/07/2022;Plaza Catalunya;Web;Femenino;53;Centro
I000218;C582278;Supermercado;2;600.49;Tarjeta ECI;06/01/2023;Web ECI;Web;Femenino;26;Norte
I000219;C794205;Libros;3;4225.14;Otras Tarjetas;02/10/2021;Goya;Tienda física;Femenino;62;Norte
I000220;C766086;Supermercado;5;968.85;Efectivo;24/01/2023;Pozuelo;Tienda física;Masculino;53;Centro
I000221;C747760;Supermercado;1;3985.25;Tarjeta ECI;30/12/2022;Pintor Sorolla;Web;Masculino;34;Centro
I000222;C319949;Electrónica;4;831.32;Tarjeta ECI;04/06/2020;Princesa;Web;Femenino;56;Sur
I000223;C198386;Electrónica;1;3490.17;Otras Tarjetas;09/04/2020;Goya;Tienda física;Femenino;63;Sur
I000224;C323293;Moda;4;1878.61;Tarjeta ECI;04/02/2022;Bilbao;Tienda física;Masculino;25;Centro
I000225;C737811;Libros;5;3159.79;Tarjeta ECI;30/05/2023;Pintor Sorolla;Tienda física;Masculino;62;Cliente Online
I000226;C586801;Moda;1;602.04;Tarjeta ECI;20/07/2022;Pintor Sorolla;Tienda física;Masculino;33;Cliente Online
I000227;C891951;Supermercado;5;2639.35;Tarjeta ECI;19/02/2023;Goya;Web;Masculino;19;Sur
I000228;C673053;Supermercado;3;4748.67;Tarjeta ECI;03/09/2023;Goya;Tienda física;Femenino;56;Norte
I000229;C599923;Souvenirs;5;90.25;Otras Tarjetas;22/08/2020;Pozuelo;Web;Masculino;34;Sur
I000230;C542912;Zapatería;1;190.98;Efectivo;28/07/2021;Web ECI;Tienda física;Femenino;35;Centro
I000231;C950704;Zapatería;5;222.68;Otras Tarjetas;17/10/2020;Marbella;Tienda física;Femenino;60;Norte
I000232;C397227;Moda;3;1033.34;Tarjeta ECI;21/03/2021;Pintor Sorolla;Web;Masculino;68;Norte
I000233;C667080;Perfumería;2;4841.74;Otras Tarjetas;23/03/2020;Princesa;Web;Masculino;69;Centro
I000234;C283466;Supermercado;4;320.2;Otras Tarjetas;25/05/2021;Bilbao;Web;Femenino;21;Norte
I000235;C439248;Supermercado;4;989.07;Efectivo;27/05/2023;Plaza Catalunya;Web;Masculino;38;Sur
I000236;C282139;Juguetería;2;1826.23;Efectivo;01/04/2022;Goya;Tienda física;Masculino;40;Norte
I000237;C324923;Perfumería;3;3488.3;Efectivo;24/07/2022;Marbella;Web;Femenino;31;Cliente Online
I000238;C338958;Perfumería;1;3013.05;Otras Tarjetas;02/11/2020;Bilbao;Tienda física;Femenino;30;Cliente Online
I000239;C673010;Perfumería;2;2738.2;Tarjeta ECI;01/10/2022;Web ECI;Web;Femenino;39;Cliente Online
I000240;C534131;Juguetería;1;2924.56;Otras Tarjetas;10/10/2022;Pozuelo;Web;Masculino;52;Centro
I000241;C872040;Moda;1;2600.71;Tarjeta ECI;30/01/2023;Castellana;Web;Masculino;53;Cliente Online
I000242;C905524;Perfumería;2;4040.09;Tarjeta ECI;28/09/2022;Plaza Catalunya;Tienda física;Femenino;39;Centro
I000243;C413341;Souvenirs;2;4106.56;Efectivo;21/03/2020;Web ECI;Tienda física;Femenino;53;Centro
I000244;C489614;Juguetería;2;2437.59;Tarjeta ECI;28/01/2023;Diagonal;Tienda física;Femenino;50;Sur
I000245;C816879;Perfumería;3;721.24;Otras Tarjetas;02/11/2021;Princesa;Web;Femenino;58;Centro
I000246;C576679;Electrónica;3;3254.64;Tarjeta ECI;18/09/2022;Goya;Web;Femenino;23;Sur
I000247;C477743;Souvenirs;4;826.32;Otras Tarjetas;15/09/2023;Plaza Catalunya;Tienda física;Masculino;41;Centro
I000248;C614024;Souvenirs;3;2331.25;Otras Tarjetas;06/02/2021;Pintor Sorolla;Tienda física;Masculino;35;Sur
I000249;C191367;Zapatería;2;3908.92;Tarjeta ECI;28/06/2023;Castellana;Web;Masculino;32;Norte
I000250;C501216;Supermercado;5;51.71;Tarjeta ECI;17/05/2021;Princesa;Tienda física;Masculino;57;Norte
I000251;C936009;Juguetería;1;1743.99;Otras Tarjetas;16/12/2020;Web ECI;Web;Masculino;30;Norte
I000252;C433473;Perfumería;4;212.25;Efectivo;09/09/2020;Marbella;Web;Masculino;43;Sur
I000253;C609382;Libros;4;1160.29;Efectivo;13/11/2023;Bilbao;Tienda física;Masculino;43;Sur
I000254;C577347;Perfumería;5;33.33;Otras Tarjetas;22/11/2022;Pintor Sorolla;Tienda física;Femenino;66;Sur
I000255;C436977;Juguetería;4;2601.53;Tarjeta ECI;24/02/2023;Plaza Catalunya;Tienda física;Masculino;54;Norte
I000256;C669207;Electrónica;4;4179.2;Efectivo;28/07/2021;Plaza Catalunya;Tienda física;Masculino;61;Cliente Online
I000257;C460972;Souvenirs;3;4916.0;Tarjeta ECI;23/09/2021;Diagonal;Tienda física;Femenino;46;Sur
I000258;C870621;Souvenirs;2;2588.75;Otras Tarjetas;26/07/2023;Marbella;Web;Femenino;63;Cliente Online
I000259;C471574;Juguetería;3;565.12;Efectivo;01/04/2022;Pintor Sorolla;Web;Femenino;45;Norte
I000260;C127039;Zapatería;2;4095.14;Tarjeta ECI;04/04/2021;Web ECI;Tienda física;Masculino;59;Centro
I000261;C170808;Souvenirs;1;3468.68;Efectivo;16/06/2023;Pintor Sorolla;Web;Femenino;33;Norte
I000262;C228235;Perfumería;1;1149.25;Efectivo;06/02/2023;Castellana;Web;Masculino;19;Centro
I000263;C523586;Moda;2;2213.16;Otras Tarjetas;01/05/2020;Castellana;Tienda física;Femenino;58;Cliente Online
I000264;C413716;Juguetería;5;2758.18;Otras Tarjetas;04/06/2021;Castellana;Tienda física;Masculino;43;Norte
I000265;C774254;Perfumería;2;4224.02;Otras Tarjetas;19/02/2021;Web ECI;Web;Masculino;22;Centro
I000266;C584628;Zapatería;4;4198.25;Tarjeta ECI;04/11/2021;Plaza Catalunya;Web;Femenino;37;Norte
I000267;C290667;Zapatería;3;2774.61;Tarjeta ECI;27/02/2020;Web ECI;Web;Masculino;41;Norte
I000268;C965057;Juguetería;1;3275.09;Tarjeta ECI;13/06/2023;Castellana;Web;Masculino;32;Sur
I000269;C518833;Electrónica;3;3031.69;Otras Tarjetas;15/07/2021;Bilbao;Web;Masculino;33;Centro
I000270;C792264;Perfumería;1;2260.68;Efectivo;30/06/2020;Bilbao;Tienda física;Masculino;65;Sur
I000271;C844247;Electrónica;1;3001.29;Tarjeta ECI;07/04/2022;Princesa;Tienda física;Masculino;27;Norte
I000272;C411773;Perfumería;2;3200.12;Efectivo;27/08/2023;Pintor Sorolla;Tienda física;Masculino;60;Sur
I000273;C446020;Souvenirs;5;4665.57;Tarjeta ECI;18/02/2020;Goya;Web;Femenino;34;Cliente Online
I000274;C450266;Libros;2;242.58;Otras Tarjetas;09/10/2021;Diagonal;Web;Femenino;56;Sur
I000275;C119656;Juguetería;4;449.4;Tarjeta ECI;22/04/2021;Princesa;Web;Masculino;31;Sur
I000276;C575539;Moda;3;2953.97;Tarjeta ECI;17/04/2020;Plaza Catalunya;Web;Masculino;66;Centro
I000277;C320809;Juguetería;4;3407.81;Tarjeta ECI;19/02/2020;Web ECI;Web;Masculino;40;Sur
I000278;C530775;Electrónica;2;1403.37;Tarjeta ECI;23/09/2021;Bilbao;Tienda física;Femenino;31;Norte
I000279;C642820;Libros;4;1064.27;Tarjeta ECI;13/02/2023;Castellana;Tienda física;Masculino;18;Centro
I000280;C594482;Juguetería;1;4733.65;Otras Tarjetas;13/11/2021;Bilbao;Web;Masculino;27;Cliente Online
I000281;C192059;Electrónica;1;3690.55;Tarjeta ECI;12/09/2021;Pintor Sorolla;Web;Masculino;62;Sur
I000282;C917729;Perfumería;1;327.08;Tarjeta ECI;05/04/2021;Castellana;Web;Femenino;63;Sur
I000283;C751997;Perfumería;5;3039.3;Otras Tarjetas;07/09/2020;Diagonal;Tienda física;Femenino;62;Cliente Online
I000284;C791858;Zapatería;2;547.9;Tarjeta ECI;23/04/2021;Princesa;Tienda física;Femenino;59;Sur
I000285;C143820;Supermercado;2;1605.24;Tarjeta ECI;12/03/2020;Marbella;Web;Femenino;55;Centro
I000286;C551654;Libros;2;3820.23;Tarjeta ECI;25/01/2022;Plaza Catalunya;Web;Femenino;38;Cliente Online
I000287;C167836;Libros;3;1289.71;Efectivo;10/03/2021;Bilbao;Tienda física;Femenino;55;Norte
I000288;C409023;Zapatería;3;120.79;Otras Tarjetas;07/09/2022;Bilbao;Web;Femenino;45;Cliente Online
I000289;C868116;Perfumería;1;4031.29;Tarjeta ECI;05/12/2023;Castellana;Web;Masculino;19;Norte
I000290;C742416;Zapatería;5;3304.98;Otras Tarjetas;19/10/2022;Bilbao;Tienda física;Masculino;62;Cliente Online
I000291;C558251;Juguetería;2;3467.66;Otras Tarjetas;25/01/2020;Pintor Sorolla;Web;Femenino;69;Sur
I000292;C589658;Libros;4;4095.77;Tarjeta ECI;22/04/2020;Marbella;Tienda física;Femenino;23;Sur
I000293;C620705;Supermercado;4;2944.47;Otras Tarjetas;16/10/2020;Princesa;Tienda física;Masculino;64;Centro
I000294;C720563;Zapatería;4;3715.11;Otras Tarjetas;08/08/2021;Diagonal;Tienda física;Masculino;61;Sur
I000295;C147939;Zapatería;3;303.9;Efectivo;08/10/2021;Goya;Tienda física;Masculino;35;Sur
I000296;C748718;Souvenirs;2;2326.0;Otras Tarjetas;19/03/2020;Pintor Sorolla;Web;Masculino;42;Cliente Online
I000297;C425799;Perfumería;5;3817.53;Efectivo;31/03/2021;Castellana;Web;Femenino;52;Centro
I000298;C261319;Supermercado;2;1694.15;Tarjeta ECI;10/04/2020;Pintor Sorolla;Tienda física;Masculino;54;Cliente Online
I000299;C666146;Supermercado;4;553.78;Otras Tarjetas;04/06/2021;Web ECI;Tienda física;Femenino;37;Cliente Online
I000300;C264267;Electrónica;3;3016.51;Otras Tarjetas;15/06/2023;Pintor Sorolla;Tienda física;Masculino;40;Cliente Online
I000301;C205070;Moda;3;18.68;Tarjeta ECI;25/04/2020;Goya;Web;Masculino;55;Centro
I000302;C860372;Perfumería;4;1910.25;Efectivo;15/11/2021;Pintor Sorolla;Tienda física;Femenino;19;Sur
I000303;C269592;Juguetería;3;3994.56;Otras Tarjetas;19/05/2021;Marbella;Tienda física;Masculino;42;Sur
I000304;C134264;Souvenirs;4;1245.2;Tarjeta ECI;15/07/2020;Goya;Web;Femenino;24;Norte
I000305;C613754;Libros;2;2865.84;Efectivo;01/03/2021;Castellana;Web;Femenino;30;Norte
I000306;C402910;Perfumería;4;2317.64;Efectivo;12/02/2021;Marbella;Tienda física;Masculino;25;Cliente Online
I000307;C655758;Libros;4;3025.14;Tarjeta ECI;09/11/2022;Pozuelo;Tienda física;Masculino;34;Norte
I000308;C130035;Electrónica;2;3956.27;Otras Tarjetas;10/12/2023;Bilbao;Web;Masculino;66;Centro
I000309;C929402;Juguetería;2;1215.18;Tarjeta ECI;31/05/2021;Princesa;Web;Femenino;68;Cliente Online
I000310;C499666;Souvenirs;4;4951.68;Efectivo;08/09/2021;Pozuelo;Web;Masculino;29;Cliente Online
I000311;C555912;Moda;3;3548.66;Efectivo;30/09/2023;Web ECI;Web;Masculino;52;Sur
I000312;C968452;Supermercado;2;4852.21;Otras Tarjetas;24/10/2023;Castellana;Web;Masculino;68;Cliente Online
I000313;C657245;Zapatería;3;3121.6;Efectivo;11/01/2022;Web ECI;Tienda física;Femenino;39;Norte
I000314;C323803;Supermercado;2;3381.68;Tarjeta ECI;23/06/2021;Princesa;Tienda física;Masculino;65;Sur
I000315;C389178;Supermercado;3;2334.27;Tarjeta ECI;08/02/2023;Diagonal;Tienda física;Masculino;50;Centro
I000316;C260851;Supermercado;5;2916.64;Otras Tarjetas;05/11/2020;Marbella;Tienda física;Masculino;66;Norte
I000317;C373083;Zapatería;2;2347.35;Tarjeta ECI;29/12/2020;Pintor Sorolla;Web;Femenino;49;Sur
I000318;C100700;Souvenirs;2;74.47;Tarjeta ECI;22/05/2023;Goya;Web;Femenino;44;Centro
I000319;C778916;Moda;1;3351.85;Tarjeta ECI;08/08/2023;Diagonal;Web;Masculino;41;Centro
I000320;C705566;Souvenirs;3;2189.99;Otras Tarjetas;21/07/2021;Pozuelo;Tienda física;Masculino;18;Centro
I000321;C268318;Perfumería;3;1551.78;Efectivo;20/05/2020;Pintor Sorolla;Tienda física;Masculino;41;Norte
I000322;C397270;Libros;4;4092.99;Otras Tarjetas;09/05/2023;Pozuelo;Web;Femenino;47;Sur
I000323;C578554;Zapatería;3;1224.46;Efectivo;05/08/2022;Marbella;Web;Masculino;52;Cliente Online
I000324;C542534;Juguetería;4;4820.68;Otras Tarjetas;12/07/2021;Princesa;Tienda física;Masculino;64;Cliente Online
I000325;C727899;Perfumería;3;507.0;Tarjeta ECI;24/05/2022;Princesa;Tienda física;Femenino;58;Norte
I000326;C550488;Libros;2;28.94;Otras Tarjetas;28/07/2020;Castellana;Web;Masculino;25;Cliente Online
I000327;C507680;Supermercado;2;3385.53;Tarjeta ECI;24/03/2020;Marbella;Tienda física;Femenino;53;Norte
I000328;C154103;Perfumería;5;3714.08;Efectivo;24/02/2020;Bilbao;Tienda física;Femenino;22;Cliente Online
I000329;C280302;Perfumería;4;4611.04;Efectivo;28/11/2023;Pozuelo;Web;Femenino;39;Norte
I000330;C284841;Libros;4;369.65;Efectivo;30/12/2020;Marbella;Web;Masculino;37;Cliente Online
I000331;C837617;Zapatería;1;3760.14;Efectivo;02/02/2023;Diagonal;Tienda física;Femenino;18;Cliente Online
I000332;C339702;Souvenirs;4;3086.09;Tarjeta ECI;23/06/2021;Princesa;Tienda física;Masculino;30;Cliente Online
I000333;C167192;Souvenirs;5;1855.56;Otras Tarjetas;29/03/2022;Pintor Sorolla;Tienda física;Masculino;35;Cliente Online
I000334;C404765;Libros;2;2860.82;Otras Tarjetas;15/01/2021;Marbella;Web;Femenino;29;Sur
I000335;C637689;Moda;2;2113.64;Otras Tarjetas;26/01/2022;Pozuelo;Tienda física;Masculino;26;Centro
I000336;C194118;Perfumería;5;1743.74;Otras Tarjetas;06/07/2023;Marbella;Web;Masculino;31;Centro
I000337;C388764;Supermercado;1;330.08;Efectivo;30/04/2021;Marbella;Tienda física;Masculino;53;Cliente Online
I000338;C409264;Moda;3;2097.79;Otras Tarjetas;04/04/2020;Castellana;Web;Masculino;40;Norte
I000339;C142382;Souvenirs;3;3774.17;Tarjeta ECI;11/10/2022;Plaza Catalunya;Web;Femenino;31;Norte
I000340;C305326;Libros;2;1371.15;Otras Tarjetas;24/02/2022;Princesa;Tienda física;Femenino;25;Centro
I000341;C362359;Zapatería;1;307.12;Tarjeta ECI;05/11/2022;Castellana;Web;Femenino;60;Centro
I000342;C628315;Souvenirs;4;3323.74;Efectivo;28/06/2023;Pintor Sorolla;Web;Masculino;53;Norte
I000343;C725834;Libros;1;4005.11;Otras Tarjetas;16/06/2022;Princesa;Tienda física;Femenino;62;Cliente Online
I000344;C133972;Juguetería;3;2627.45;Otras Tarjetas;15/08/2023;Goya;Web;Masculino;36;Sur
I000345;C130768;Souvenirs;2;375.58;Otras Tarjetas;31/10/2023;Pozuelo;Tienda física;Femenino;32;Norte
I000346;C871763;Zapatería;1;801.98;Efectivo;02/05/2021;Pintor Sorolla;Tienda física;Femenino;68;Norte
I000347;C480279;Electrónica;5;2682.01;Tarjeta ECI;10/09/2021;Plaza Catalunya;Tienda física;Femenino;42;Cliente Online
I000348;C994782;Electrónica;3;3159.58;Otras Tarjetas;31/12/2020;Pozuelo;Tienda física;Masculino;19;Norte
I000349;C591892;Electrónica;2;1290.47;Tarjeta ECI;03/02/2020;Bilbao;Web;Masculino;22;Sur
I000350;C825895;Supermercado;1;2695.93;Otras Tarjetas;03/10/2020;Web ECI;Web;Masculino;25;Centro
I000351;C536667;Zapatería;4;3561.35;Otras Tarjetas;13/06/2023;Diagonal;Web;Masculino;54;Cliente Online
I000352;C571543;Zapatería;1;4472.28;Tarjeta ECI;09/07/2020;Diagonal;Tienda física;Femenino;57;Norte
I000353;C105334;Juguetería;1;366.7;Otras Tarjetas;07/12/2020;Princesa;Web;Masculino;56;Cliente Online
I000354;C905418;Souvenirs;1;2903.76;Otras Tarjetas;27/02/2021;Pintor Sorolla;Tienda física;Femenino;64;Cliente Online
I000355;C383929;Souvenirs;4;4129.73;Otras Tarjetas;27/07/2021;Diagonal;Tienda física;Femenino;20;Cliente Online
I000356;C307198;Supermercado;2;2103.29;Efectivo;05/12/2020;Diagonal;Web;Femenino;60;Centro
I000357;C967912;Souvenirs;4;632.87;Tarjeta ECI;13/02/2020;Bilbao;Tienda física;Masculino;26;Centro
I000358;C225280;Moda;3;4402.4;Efectivo;24/01/2021;Pintor Sorolla;Tienda física;Masculino;35;Norte
I000359;C700327;Souvenirs;1;3377.64;Efectivo;19/12/2020;Goya;Tienda física;Masculino;47;Sur
I000360;C938637;Supermercado;4;2811.07;Otras Tarjetas;18/04/2023;Diagonal;Web;Masculino;66;Norte
I000361;C227481;Moda;3;753.93;Otras Tarjetas;27/04/2020;Marbella;Web;Masculino;23;Sur
I000362;C974814;Moda;2;1498.47;Otras Tarjetas;20/04/2021;Plaza Catalunya;Tienda física;Femenino;22;Sur
I000363;C413897;Souvenirs;4;4933.49;Otras Tarjetas;23/02/2023;Diagonal;Tienda física;Masculino;63;Centro
I000364;C263310;Souvenirs;1;2405.69;Tarjeta ECI;13/10/2023;Pintor Sorolla;Tienda física;Masculino;65;Centro
I000365;C790983;Perfumería;2;4603.47;Otras Tarjetas;05/03/2023;Plaza Catalunya;Web;Masculino;43;Norte
I000366;C900419;Souvenirs;3;4896.34;Efectivo;17/05/2021;Bilbao;Tienda física;Masculino;51;Cliente Online
I000367;C219640;Libros;5;1578.49;Efectivo;13/07/2023;Diagonal;Tienda física;Femenino;26;Sur
I000368;C732714;Electrónica;1;2946.27;Otras Tarjetas;03/12/2020;Castellana;Tienda física;Masculino;62;Sur
I000369;C569295;Supermercado;1;525.53;Efectivo;04/01/2023;Goya;Web;Masculino;44;Norte
I000370;C934952;Souvenirs;1;1876.67;Otras Tarjetas;28/05/2023;Pintor Sorolla;Tienda física;Femenino;67;Centro
I000371;C677146;Zapatería;1;4301.3;Otras Tarjetas;08/02/2023;Pozuelo;Web;Masculino;68;Cliente Online
I000372;C270108;Supermercado;2;1303.87;Otras Tarjetas;25/10/2022;Castellana;Tienda física;Masculino;38;Cliente Online
I000373;C283043;Libros;4;1209.74;Efectivo;03/03/2023;Marbella;Tienda física;Masculino;41;Norte
I000374;C980698;Zapatería;1;2286.08;Otras Tarjetas;17/03/2022;Web ECI;Tienda física;Masculino;42;Centro
I000375;C993492;Electrónica;3;3604.79;Tarjeta ECI;02/12/2022;Marbella;Tienda física;Masculino;46;Cliente Online
I000376;C134360;Perfumería;2;749.01;Tarjeta ECI;01/04/2023;Goya;Tienda física;Masculino;63;Cliente Online
I000377;C532974;Libros;4;594.56;Tarjeta ECI;09/04/2023;Princesa;Web;Femenino;31;Sur
I000378;C113276;Zapatería;4;1293.2;Tarjeta ECI;23/12/2023;Pintor Sorolla;Web;Femenino;55;Norte
I000379;C171006;Souvenirs;5;3246.35;Efectivo;11/01/2023;Castellana;Tienda física;Masculino;34;Cliente Online
I000380;C823732;Moda;2;2883.81;Tarjeta ECI;28/01/2021;Castellana;Web;Masculino;54;Norte
I000381;C946874;Supermercado;1;559.6;Efectivo;21/04/2023;Princesa;Tienda física;Masculino;37;Sur
I000382;C769508;Moda;1;2064.65;Otras Tarjetas;06/02/2021;Marbella;Tienda física;Masculino;36;Sur
I000383;C831195;Juguetería;1;798.83;Otras Tarjetas;05/01/2022;Pozuelo;Web;Masculino;26;Norte
I000384;C102144;Moda;5;3387.15;Otras Tarjetas;12/06/2023;Castellana;Tienda física;Masculino;54;Sur
I000385;C999532;Souvenirs;3;1068.12;Efectivo;20/10/2020;Pozuelo;Web;Femenino;40;Cliente Online
I000386;C342461;Supermercado;2;923.25;Efectivo;06/04/2020;Diagonal;Web;Masculino;67;Centro
I000387;C614688;Moda;1;1554.28;Efectivo;23/03/2021;Marbella;Web;Masculino;51;Cliente Online
I000388;C312003;Libros;5;4754.58;Tarjeta ECI;24/11/2020;Web ECI;Web;Masculino;42;Norte
I000389;C448750;Perfumería;1;2530.25;Otras Tarjetas;05/06/2023;Pozuelo;Web;Femenino;24;Sur
I000390;C899291;Souvenirs;5;467.91;Otras Tarjetas;29/03/2023;Castellana;Web;Masculino;29;Sur
I000391;C461751;Juguetería;1;3892.23;Otras Tarjetas;25/04/2023;Goya;Tienda física;Femenino;28;Sur
I000392;C241934;Libros;4;3278.64;Efectivo;28/07/2020;Goya;Tienda física;Masculino;63;Sur
I000393;C602187;Libros;5;2898.12;Efectivo;19/07/2023;Bilbao;Tienda física;Femenino;22;Norte
I000394;C459306;Perfumería;1;3090.23;Tarjeta ECI;15/06/2023;Marbella;Tienda física;Masculino;51;Cliente Online
I000395;C976190;Moda;2;290.97;Tarjeta ECI;20/04/2020;Diagonal;Tienda física;Masculino;54;Centro
I000396;C354452;Juguetería;3;3194.53;Efectivo;09/10/2023;Plaza Catalunya;Web;Masculino;44;Sur
I000397;C628593;Libros;5;2093.24;Otras Tarjetas;02/02/2023;Pozuelo;Web;Femenino;49;Sur
I000398;C643187;Libros;3;4263.35;Efectivo;13/10/2020;Marbella;Tienda física;Femenino;49;Cliente Online
I000399;C885208;Moda;4;528.14;Otras Tarjetas;31/10/2022;Plaza Catalunya;Tienda física;Femenino;45;Cliente Online
I000400;C564075;Moda;2;1497.04;Tarjeta ECI;09/02/2021;Diagonal;Web;Femenino;53;Norte
I000401;C514140;Supermercado;3;1637.21;Otras Tarjetas;21/07/2023;Marbella;Tienda física;Femenino;68;Sur
I000402;C289612;Electrónica;1;496.63;Efectivo;30/08/2022;Plaza Catalunya;Tienda física;Femenino;60;Norte
I000403;C325814;Souvenirs;4;2466.96;Efectivo;30/01/2020;Bilbao;Tienda física;Femenino;61;Sur
I000404;C106316;Juguetería;1;3005.58;Tarjeta ECI;03/06/2020;Plaza Catalunya;Web;Masculino;64;Cliente Online
I000405;C182778;Electrónica;5;3074.67;Efectivo;11/04/2022;Diagonal;Tienda física;Masculino;45;Cliente Online
I000406;C107979;Moda;5;1271.93;Efectivo;19/12/2023;Goya;Tienda física;Masculino;66;Cliente Online
I000407;C386545;Libros;5;1772.31;Efectivo;28/07/2022;Castellana;Web;Masculino;63;Norte
I000408;C242056;Moda;5;3993.97;Tarjeta ECI;20/03/2023;Plaza Catalunya;Web;Femenino;37;Centro
I000409;C270958;Souvenirs;2;1639.09;Efectivo;02/07/2020;Web ECI;Web;Femenino;22;Cliente Online
I000410;C133936;Supermercado;5;1712.99;Tarjeta ECI;06/10/2023;Pozuelo;Tienda física;Masculino;24;Sur
I000411;C748636;Libros;5;3038.83;Efectivo;24/05/2021;Pintor Sorolla;Web;Femenino;48;Cliente Online
I000412;C894217;Libros;4;4383.49;Otras Tarjetas;14/12/2023;Princesa;Tienda física;Femenino;54;Cliente Online
I000413;C719109;Perfumería;2;2419.84;Otras Tarjetas;31/08/2022;Princesa;Tienda física;Femenino;63;Norte
I000414;C267364;Moda;2;666.38;Otras Tarjetas;17/05/2022;Castellana;Tienda física;Masculino;47;Centro
I000415;C382527;Moda;1;2733.58;Otras Tarjetas;18/12/2023;Web ECI;Web;Femenino;25;Cliente Online
I000416;C486007;Supermercado;5;2601.47;Otras Tarjetas;13/05/2022;Castellana;Web;Femenino;56;Norte
I000417;C121493;Juguetería;3;403.98;Tarjeta ECI;13/05/2022;Goya;Web;Masculino;47;Sur
I000418;C246985;Libros;3;1002.1;Tarjeta ECI;17/02/2020;Castellana;Tienda física;Masculino;44;Cliente Online
I000419;C177490;Juguetería;1;1633.24;Tarjeta ECI;13/06/2022;Marbella;Web;Masculino;20;Sur
I000420;C632583;Zapatería;5;1177.15;Otras Tarjetas;22/09/2022;Pintor Sorolla;Tienda física;Masculino;56;Cliente Online
I000421;C411273;Moda;2;543.7;Efectivo;11/12/2022;Marbella;Tienda física;Femenino;43;Norte
I000422;C755564;Perfumería;1;4300.02;Efectivo;14/10/2021;Goya;Tienda física;Femenino;23;Cliente Online
I000423;C224456;Juguetería;4;4724.44;Efectivo;28/04/2020;Web ECI;Tienda física;Masculino;47;Norte
I000424;C587338;Perfumería;2;1164.58;Tarjeta ECI;01/10/2021;Diagonal;Tienda física;Masculino;64;Sur
I000425;C997500;Juguetería;3;2689.32;Otras Tarjetas;29/08/2022;Pozuelo;Tienda física;Masculino;31;Norte
I000426;C473541;Moda;3;263.07;Efectivo;11/12/2023;Castellana;Web;Femenino;26;Cliente Online
I000427;C692556;Libros;1;531.51;Tarjeta ECI;18/02/2023;Castellana;Web;Masculino;20;Cliente Online
I000428;C515285;Moda;2;2441.94;Otras Tarjetas;11/11/2022;Diagonal;Tienda física;Femenino;53;Centro
I000429;C241239;Electrónica;3;3147.9;Efectivo;03/09/2023;Pintor Sorolla;Tienda física;Masculino;56;Sur
I000430;C362190;Juguetería;5;3568.79;Tarjeta ECI;05/03/2021;Princesa;Web;Masculino;66;Cliente Online
I000431;C908470;Libros;3;1232.64;Efectivo;29/09/2020;Goya;Web;Femenino;56;Cliente Online
I000432;C758619;Zapatería;1;4235.5;Efectivo;15/07/2021;Pozuelo;Web;Masculino;49;Sur
I000433;C635658;Moda;2;3186.02;Efectivo;31/12/2020;Bilbao;Web;Femenino;21;Centro
I000434;C456811;Zapatería;4;2062.06;Efectivo;28/07/2020;Plaza Catalunya;Tienda física;Masculino;30;Centro
I000435;C452036;Juguetería;2;3808.66;Efectivo;07/09/2022;Castellana;Web;Masculino;57;Cliente Online
I000436;C772369;Electrónica;2;1041.51;Otras Tarjetas;24/04/2021;Marbella;Tienda física;Masculino;40;Cliente Online
I000437;C438376;Libros;1;1339.09;Otras Tarjetas;01/05/2020;Web ECI;Web;Masculino;47;Cliente Online
I000438;C197392;Zapatería;3;3573.08;Otras Tarjetas;29/08/2023;Princesa;Web;Masculino;21;Sur
I000439;C612977;Zapatería;2;2516.25;Tarjeta ECI;03/02/2020;Pintor Sorolla;Tienda física;Femenino;27;Norte
I000440;C148793;Souvenirs;1;1255.69;Otras Tarjetas;12/07/2023;Plaza Catalunya;Tienda física;Femenino;63;Centro
I000441;C247412;Juguetería;3;2922.86;Efectivo;01/06/2023;Bilbao;Tienda física;Femenino;62;Centro
I000442;C277129;Zapatería;2;24.43;Tarjeta ECI;15/08/2020;Pintor Sorolla;Tienda física;Masculino;60;Centro
I000443;C136246;Souvenirs;3;2035.49;Tarjeta ECI;07/06/2023;Pozuelo;Web;Femenino;22;Centro
I000444;C449193;Perfumería;4;3080.73;Efectivo;01/06/2022;Bilbao;Web;Femenino;27;Centro
I000445;C588151;Moda;4;509.23;Tarjeta ECI;07/12/2022;Marbella;Tienda física;Femenino;66;Norte
I000446;C649887;Zapatería;5;1024.32;Otras Tarjetas;23/11/2020;Bilbao;Web;Femenino;53;Norte
I000447;C104233;Juguetería;4;2699.99;Tarjeta ECI;28/07/2020;Plaza Catalunya;Web;Masculino;62;Cliente Online
I000448;C487397;Libros;1;2382.98;Otras Tarjetas;07/09/2023;Pintor Sorolla;Web;Masculino;52;Sur
I000449;C688692;Libros;5;3811.26;Tarjeta ECI;22/04/2020;Castellana;Tienda física;Masculino;23;Centro
I000450;C336522;Supermercado;1;4283.3;Otras Tarjetas;12/05/2020;Marbella;Web;Masculino;46;Norte
I000451;C813846;Zapatería;5;2519.71;Tarjeta ECI;29/04/2022;Marbella;Web;Masculino;30;Sur
I000452;C225165;Supermercado;4;1718.32;Tarjeta ECI;26/06/2021;Goya;Tienda física;Masculino;54;Sur
I000453;C397988;Perfumería;2;4569.45;Efectivo;01/08/2022;Plaza Catalunya;Web;Femenino;66;Centro
I000454;C293236;Moda;4;4727.04;Otras Tarjetas;01/04/2021;Pintor Sorolla;Tienda física;Femenino;55;Sur
I000455;C551883;Supermercado;5;2289.93;Tarjeta ECI;16/11/2021;Diagonal;Tienda física;Femenino;65;Sur
I000456;C651524;Libros;3;4080.68;Tarjeta ECI;04/07/2021;Princesa;Tienda física;Masculino;29;Sur
I000457;C220857;Juguetería;5;1178.22;Otras Tarjetas;19/07/2023;Princesa;Web;Masculino;32;Sur
I000458;C422359;Supermercado;1;36.49;Efectivo;19/11/2023;Diagonal;Web;Masculino;67;Norte
I000459;C402712;Moda;3;3876.55;Tarjeta ECI;22/02/2023;Goya;Web;Masculino;64;Cliente Online
I000460;C545418;Libros;4;1652.98;Tarjeta ECI;16/09/2022;Plaza Catalunya;Tienda física;Femenino;67;Sur
I000461;C744556;Juguetería;4;4868.72;Otras Tarjetas;19/10/2021;Goya;Tienda física;Masculino;63;Norte
I000462;C240833;Electrónica;5;4633.43;Tarjeta ECI;04/06/2021;Marbella;Web;Masculino;60;Sur
I000463;C304753;Souvenirs;5;4185.63;Tarjeta ECI;08/03/2023;Castellana;Tienda física;Femenino;38;Cliente Online
I000464;C666991;Electrónica;2;4778.3;Otras Tarjetas;14/10/2021;Pozuelo;Web;Femenino;60;Centro
I000465;C592716;Zapatería;1;2014.63;Otras Tarjetas;30/12/2020;Bilbao;Tienda física;Femenino;37;Centro
I000466;C387118;Zapatería;4;1950.74;Tarjeta ECI;12/10/2023;Bilbao;Tienda física;Femenino;65;Centro
I000467;C790160;Zapatería;2;4985.44;Otras Tarjetas;31/12/2021;Castellana;Web;Masculino;42;Norte
I000468;C762620;Souvenirs;4;1558.22;Tarjeta ECI;13/03/2020;Castellana;Tienda física;Femenino;64;Cliente Online
I000469;C795393;Moda;1;407.08;Otras Tarjetas;18/03/2021;Pintor Sorolla;Tienda física;Masculino;60;Norte
I000470;C275530;Souvenirs;1;3221.44;Tarjeta ECI;03/04/2020;Bilbao;Tienda física;Masculino;49;Cliente Online
I000471;C568213;Juguetería;3;4139.28;Efectivo;16/07/2022;Pozuelo;Web;Femenino;28;Sur
I000472;C424425;Libros;4;3316.86;Efectivo;14/09/2021;Castellana;Web;Femenino;50;Norte
I000473;C634516;Electrónica;4;1203.15;Tarjeta ECI;15/09/2022;Plaza Catalunya;Tienda física;Masculino;54;Centro
I000474;C626730;Juguetería;3;3991.36;Efectivo;20/03/2020;Princesa;Tienda física;Masculino;39;Centro
I000475;C966643;Moda;1;3076.6;Efectivo;24/11/2021;Goya;Tienda física;Femenino;69;Norte
I000476;C631530;Supermercado;2;2364.76;Otras Tarjetas;04/09/2020;Pintor Sorolla;Web;Masculino;19;Centro
I000477;C637369;Perfumería;5;2566.07;Efectivo;17/04/2020;Castellana;Web;Femenino;34;Centro
I000478;C180024;Perfumería;2;1491.7;Otras Tarjetas;10/03/2023;Pozuelo;Tienda física;Femenino;59;Norte
I000479;C798789;Perfumería;5;4171.64;Otras Tarjetas;20/01/2022;Plaza Catalunya;Tienda física;Masculino;67;Sur
I000480;C417045;Electrónica;3;4751.08;Otras Tarjetas;20/05/2022;Marbella;Tienda física;Masculino;29;Centro
I000481;C673193;Libros;1;2193.45;Tarjeta ECI;28/05/2023;Web ECI;Tienda física;Femenino;68;Cliente Online
I000482;C983511;Perfumería;2;278.86;Otras Tarjetas;17/01/2021;Marbella;Tienda física;Femenino;22;Sur
I000483;C283864;Souvenirs;3;2945.91;Efectivo;23/11/2022;Marbella;Tienda física;Masculino;26;Norte
I000484;C156235;Souvenirs;3;693.92;Tarjeta ECI;15/09/2023;Princesa;Web;Masculino;65;Norte
I000485;C699308;Juguetería;4;2214.02;Otras Tarjetas;29/08/2023;Web ECI;Web;Femenino;54;Centro
I000486;C779821;Supermercado;3;4220.22;Otras Tarjetas;02/12/2022;Goya;Tienda física;Masculino;18;Sur
I000487;C974706;Electrónica;5;4005.05;Otras Tarjetas;15/09/2023;Pintor Sorolla;Tienda física;Femenino;69;Norte
I000488;C250999;Souvenirs;1;2259.5;Tarjeta ECI;01/03/2021;Web ECI;Tienda física;Masculino;49;Cliente Online
I000489;C918032;Supermercado;5;4905.78;Otras Tarjetas;30/07/2023;Plaza Catalunya;Web;Masculino;53;Norte
I000490;C598797;Souvenirs;2;4643.0;Efectivo;07/08/2021;Marbella;Tienda física;Femenino;67;Centro
I000491;C677617;Zapatería;3;1860.64;Efectivo;13/09/2021;Marbella;Web;Masculino;20;Norte
I000492;C138182;Zapatería;5;1349.41;Tarjeta ECI;03/09/2021;Plaza Catalunya;Tienda física;Masculino;59;Norte
I000493;C673571;Moda;1;3635.98;Efectivo;30/05/2023;Goya;Web;Femenino;19;Norte
I000494;C725692;Libros;5;4265.48;Otras Tarjetas;13/10/2023;Diagonal;Tienda física;Masculino;20;Cliente Online
I000495;C495783;Moda;5;391.92;Tarjeta ECI;03/10/2020;Web ECI;Web;Masculino;69;Centro
I000496;C443432;Perfumería;3;166.23;Tarjeta ECI;07/02/2022;Princesa;Web;Masculino;45;Cliente Online
I000497;C229157;Souvenirs;1;3513.19;Otras Tarjetas;09/01/2020;Pintor Sorolla;Tienda física;Femenino;52;Centro
I000498;C615849;Libros;1;2076.77;Otras Tarjetas;01/05/2021;Marbella;Web;Femenino;47;Norte
I000499;C908985;Supermercado;2;1460.59;Efectivo;04/06/2022;Princesa;Web;Femenino;21;Sur
I000500;C630796;Perfumería;4;527.93;Efectivo;06/02/2022;Pozuelo;Tienda física;Masculino;22;Cliente Online
I000501;C292667;Supermercado;2;4820.16;Efectivo;20/10/2023;Diagonal;Web;Masculino;66;Norte
I000502;C858071;Electrónica;5;3013.57;Otras Tarjetas;20/09/2021;Bilbao;Web;Masculino;47;Centro
I000503;C119305;Moda;2;2045.78;Tarjeta ECI;01/03/2022;Bilbao;Web;Masculino;69;Norte
I000504;C923736;Souvenirs;3;1571.55;Efectivo;04/11/2021;Goya;Web;Masculino;21;Cliente Online
I000505;C505485;Moda;4;1491.93;Tarjeta ECI;03/01/2022;Plaza Catalunya;Web;Masculino;58;Norte
I000506;C524303;Perfumería;1;2204.17;Otras Tarjetas;08/01/2020;Web ECI;Tienda física;Femenino;30;Centro
I000507;C602171;Juguetería;4;3004.83;Efectivo;22/02/2023;Goya;Web;Masculino;47;Cliente Online
I000508;C341556;Libros;1;2868.43;Efectivo;03/07/2021;Pozuelo;Tienda física;Masculino;64;Norte
I000509;C385269;Juguetería;3;2368.13;Tarjeta ECI;05/02/2020;Web ECI;Web;Femenino;54;Cliente Online
I000510;C450663;Souvenirs;1;4695.12;Otras Tarjetas;13/05/2022;Pintor Sorolla;Tienda física;Masculino;68;Norte
I000511;C393534;Electrónica;4;3607.6;Tarjeta ECI;07/11/2021;Princesa;Tienda física;Femenino;41;Norte
I000512;C387765;Souvenirs;4;2176.76;Otras Tarjetas;09/03/2021;Pintor Sorolla;Web;Masculino;19;Cliente Online
I000513;C422151;Libros;5;3111.45;Efectivo;31/03/2022;Web ECI;Web;Femenino;19;Centro
I000514;C217795;Perfumería;5;4591.48;Efectivo;14/05/2021;Plaza Catalunya;Web;Femenino;67;Norte
I000515;C157216;Perfumería;4;1243.23;Tarjeta ECI;31/12/2023;Castellana;Tienda física;Femenino;19;Centro
I000516;C942709;Electrónica;3;4992.83;Efectivo;05/09/2021;Castellana;Web;Femenino;51;Cliente Online
I000517;C114060;Electrónica;2;3943.21;Efectivo;15/09/2023;Marbella;Web;Femenino;43;Cliente Online
I000518;C855472;Electrónica;4;2442.23;Tarjeta ECI;30/06/2023;Castellana;Web;Masculino;55;Cliente Online
I000519;C562708;Moda;1;4154.69;Otras Tarjetas;10/05/2021;Marbella;Web;Femenino;52;Centro
I000520;C205247;Electrónica;4;128.34;Efectivo;24/04/2022;Diagonal;Web;Masculino;34;Centro
I000521;C596797;Perfumería;5;3340.42;Tarjeta ECI;18/05/2020;Princesa;Web;Femenino;22;Centro
I000522;C856872;Supermercado;4;98.59;Otras Tarjetas;09/03/2023;Plaza Catalunya;Web;Femenino;24;Cliente Online
I000523;C181892;Zapatería;4;4248.6;Tarjeta ECI;24/10/2023;Pintor Sorolla;Tienda física;Masculino;50;Cliente Online
I000524;C423234;Juguetería;5;1057.28;Efectivo;06/02/2023;Princesa;Tienda física;Femenino;63;Cliente Online
I000525;C504916;Libros;1;1336.92;Tarjeta ECI;23/09/2021;Diagonal;Web;Masculino;21;Centro
I000526;C602330;Zapatería;5;2858.11;Tarjeta ECI;04/11/2021;Bilbao;Web;Femenino;29;Sur
I000527;C549409;Libros;5;2633.53;Efectivo;13/02/2021;Pozuelo;Web;Femenino;50;Cliente Online
I000528;C832655;Zapatería;4;4381.93;Efectivo;10/04/2020;Castellana;Tienda física;Masculino;38;Centro
I000529;C868622;Zapatería;3;958.17;Otras Tarjetas;13/02/2022;Marbella;Tienda física;Femenino;31;Centro
I000530;C394744;Electrónica;5;2699.56;Tarjeta ECI;04/12/2023;Plaza Catalunya;Web;Masculino;24;Norte
I000531;C861094;Zapatería;1;4676.3;Efectivo;13/03/2021;Goya;Web;Femenino;20;Centro
I000532;C760605;Perfumería;1;827.06;Tarjeta ECI;23/02/2022;Bilbao;Tienda física;Masculino;69;Centro
I000533;C749570;Libros;2;3050.12;Efectivo;17/05/2021;Princesa;Web;Masculino;51;Cliente Online
I000534;C205981;Perfumería;2;4737.03;Efectivo;20/02/2022;Plaza Catalunya;Tienda física;Masculino;42;Sur
I000535;C953358;Libros;2;1363.76;Efectivo;25/10/2022;Princesa;Tienda física;Masculino;33;Norte
I000536;C797048;Libros;4;376.17;Otras Tarjetas;23/11/2020;Diagonal;Tienda física;Masculino;24;Cliente Online
I000537;C565325;Juguetería;5;1276.33;Tarjeta ECI;25/08/2020;Marbella;Web;Femenino;39;Sur
I000538;C404982;Juguetería;4;1439.34;Efectivo;31/03/2023;Goya;Web;Masculino;25;Centro
I000539;C750518;Perfumería;2;4248.03;Otras Tarjetas;11/02/2020;Pozuelo;Web;Femenino;61;Cliente Online
I000540;C517782;Juguetería;3;1317.84;Tarjeta ECI;10/08/2023;Web ECI;Web;Masculino;56;Sur
I000541;C534459;Zapatería;1;2926.95;Tarjeta ECI;01/01/2023;Pintor Sorolla;Web;Femenino;22;Sur
I000542;C135536;Libros;3;2884.37;Tarjeta ECI;09/05/2022;Plaza Catalunya;Web;Masculino;25;Cliente Online
I000543;C213233;Supermercado;5;395.52;Tarjeta ECI;26/11/2023;Web ECI;Tienda física;Femenino;38;Centro
I000544;C321833;Moda;5;403.02;Tarjeta ECI;26/09/2022;Pozuelo;Web;Femenino;37;Centro
I000545;C135859;Zapatería;4;750.54;Otras Tarjetas;28/11/2023;Pozuelo;Web;Masculino;30;Norte
I000546;C448192;Supermercado;5;628.7;Otras Tarjetas;15/11/2022;Marbella;Tienda física;Masculino;61;Norte
I000547;C377975;Electrónica;4;407.15;Otras Tarjetas;23/06/2021;Pozuelo;Web;Femenino;45;Sur
I000548;C971032;Libros;2;4221.73;Tarjeta ECI;18/08/2021;Princesa;Web;Femenino;49;Centro
I000549;C678190;Electrónica;1;3214.81;Efectivo;14/11/2020;Princesa;Web;Masculino;53;Cliente Online
I000550;C584453;Electrónica;3;4035.21;Otras Tarjetas;15/02/2020;Web ECI;Web;Femenino;23;Centro
I000551;C504904;Electrónica;2;4264.54;Tarjeta ECI;15/09/2022;Marbella;Web;Masculino;32;Cliente Online
I000552;C508248;Perfumería;3;4133.28;Otras Tarjetas;01/04/2021;Diagonal;Tienda física;Masculino;44;Cliente Online
I000553;C250329;Libros;5;510.77;Tarjeta ECI;14/01/2021;Diagonal;Web;Femenino;41;Centro
I000554;C566564;Perfumería;5;3005.17;Efectivo;23/06/2021;Plaza Catalunya;Web;Masculino;55;Norte
I000555;C633055;Zapatería;5;554.25;Otras Tarjetas;14/01/2023;Bilbao;Web;Masculino;51;Cliente Online
I000556;C193142;Electrónica;5;3640.9;Otras Tarjetas;12/03/2020;Goya;Web;Masculino;49;Sur
I000557;C737150;Electrónica;5;3726.8;Efectivo;05/12/2021;Web ECI;Web;Femenino;63;Sur
I000558;C228237;Zapatería;4;4435.02;Otras Tarjetas;03/04/2020;Bilbao;Web;Femenino;40;Sur
I000559;C720437;Juguetería;2;671.78;Tarjeta ECI;20/01/2021;Plaza Catalunya;Tienda física;Femenino;56;Norte
I000560;C188809;Souvenirs;4;4724.2;Otras Tarjetas;25/10/2023;Goya;Tienda física;Femenino;18;Centro
I000561;C972811;Libros;1;1112.59;Efectivo;19/06/2021;Castellana;Tienda física;Femenino;24;Norte
I000562;C914028;Libros;4;210.38;Efectivo;22/08/2022;Goya;Web;Masculino;27;Sur
I000563;C464097;Zapatería;3;1862.1;Tarjeta ECI;07/04/2020;Marbella;Tienda física;Femenino;40;Centro
I000564;C258071;Souvenirs;4;3277.18;Efectivo;01/12/2020;Pozuelo;Web;Masculino;57;Cliente Online
I000565;C679688;Libros;5;4973.92;Otras Tarjetas;18/02/2020;Pozuelo;Web;Femenino;65;Norte
I000566;C220219;Zapatería;5;1002.47;Otras Tarjetas;18/11/2020;Pintor Sorolla;Tienda física;Femenino;46;Sur
I000567;C102779;Electrónica;3;1765.32;Tarjeta ECI;22/07/2022;Diagonal;Web;Femenino;59;Sur
I000568;C390894;Libros;2;883.91;Otras Tarjetas;11/07/2021;Plaza Catalunya;Web;Masculino;43;Centro
I000569;C563524;Zapatería;4;2260.62;Otras Tarjetas;23/07/2020;Diagonal;Web;Masculino;31;Cliente Online
I000570;C245057;Souvenirs;1;1952.65;Otras Tarjetas;19/05/2023;Bilbao;Web;Femenino;47;Cliente Online
I000571;C252141;Libros;2;1617.55;Otras Tarjetas;27/04/2022;Plaza Catalunya;Web;Femenino;22;Cliente Online
I000572;C946782;Juguetería;2;4527.82;Tarjeta ECI;23/12/2021;Castellana;Web;Masculino;49;Sur
I000573;C231758;Perfumería;3;2690.27;Tarjeta ECI;26/06/2020;Diagonal;Web;Femenino;47;Centro
I000574;C793571;Electrónica;2;4546.59;Efectivo;12/12/2022;Diagonal;Tienda física;Femenino;45;Cliente Online
I000575;C698344;Libros;2;2793.66;Otras Tarjetas;11/10/2021;Plaza Catalunya;Web;Femenino;18;Norte
I000576;C221967;Libros;2;430.71;Efectivo;06/05/2021;Castellana;Web;Masculino;44;Sur
I000577;C788570;Perfumería;4;3070.83;Tarjeta ECI;03/05/2023;Diagonal;Tienda física;Masculino;63;Centro
I000578;C247719;Supermercado;1;1084.02;Otras Tarjetas;09/06/2022;Castellana;Tienda física;Femenino;39;Norte
I000579;C774071;Electrónica;5;1432.31;Otras Tarjetas;24/07/2022;Princesa;Tienda física;Femenino;21;Cliente Online
I000580;C392733;Electrónica;3;2127.19;Efectivo;01/09/2021;Goya;Web;Masculino;68;Cliente Online
I000581;C361341;Perfumería;5;1473.26;Otras Tarjetas;25/08/2021;Castellana;Tienda física;Femenino;50;Sur
I000582;C460728;Libros;2;2485.1;Tarjeta ECI;31/07/2023;Pozuelo;Web;Masculino;29;Sur
I000583;C660787;Supermercado;5;390.37;Efectivo;13/06/2022;Web ECI;Web;Femenino;31;Cliente Online
I000584;C202579;Moda;1;1721.65;Otras Tarjetas;20/01/2021;Goya;Tienda física;Femenino;56;Cliente Online
I000585;C616722;Zapatería;5;1452.96;Tarjeta ECI;06/05/2022;Goya;Tienda física;Masculino;31;Centro
I000586;C363297;Souvenirs;5;150.63;Otras Tarjetas;13/01/2021;Bilbao;Web;Masculino;27;Cliente Online
I000587;C141016;Juguetería;1;4390.77;Otras Tarjetas;03/07/2021;Diagonal;Tienda física;Masculino;47;Sur
I000588;C715999;Moda;1;1622.32;Tarjeta ECI;25/05/2021;Plaza Catalunya;Web;Masculino;44;Cliente Online
I000589;C235571;Electrónica;2;650.14;Tarjeta ECI;31/05/2022;Pintor Sorolla;Web;Masculino;60;Cliente Online
I000590;C154680;Libros;3;4521.3;Efectivo;12/01/2023;Castellana;Web;Femenino;62;Centro
I000591;C889452;Perfumería;5;3658.13;Tarjeta ECI;16/08/2022;Plaza Catalunya;Tienda física;Femenino;66;Centro
I000592;C498519;Libros;3;4654.68;Efectivo;06/01/2021;Goya;Tienda física;Femenino;44;Norte
I000593;C592526;Zapatería;3;1691.12;Efectivo;29/05/2022;Diagonal;Web;Femenino;55;Cliente Online
I000594;C701314;Zapatería;3;2174.94;Otras Tarjetas;12/04/2022;Goya;Web;Masculino;20;Centro
I000595;C624983;Souvenirs;2;636.78;Efectivo;20/09/2021;Diagonal;Web;Femenino;18;Norte
I000596;C410128;Electrónica;2;3211.98;Tarjeta ECI;26/01/2021;Bilbao;Tienda física;Femenino;18;Cliente Online
I000597;C534116;Moda;3;1176.79;Otras Tarjetas;27/01/2022;Plaza Catalunya;Web;Masculino;22;Cliente Online
I000598;C414599;Electrónica;1;386.08;Tarjeta ECI;29/07/2023;Diagonal;Web;Femenino;52;Cliente Online
I000599;C862295;Libros;1;4128.86;Tarjeta ECI;30/12/2021;Pozuelo;Web;Femenino;64;Sur
I000600;C206609;Zapatería;4;4253.62;Otras Tarjetas;01/02/2020;Goya;Web;Masculino;40;Centro
I000601;C639974;Supermercado;3;733.69;Tarjeta ECI;26/12/2021;Pintor Sorolla;Web;Femenino;64;Centro
I000602;C705515;Electrónica;5;4802.22;Efectivo;18/04/2020;Bilbao;Web;Femenino;45;Norte
I000603;C760737;Libros;1;1590.51;Tarjeta ECI;03/07/2023;Castellana;Web;Masculino;40;Norte
I000604;C970575;Supermercado;4;3851.52;Tarjeta ECI;02/07/2022;Diagonal;Tienda física;Masculino;33;Centro
I000605;C155331;Electrónica;5;3372.76;Efectivo;12/08/2021;Pintor Sorolla;Web;Femenino;61;Norte
I000606;C848832;Zapatería;2;738.76;Efectivo;10/12/2021;Diagonal;Tienda física;Masculino;58;Centro
I000607;C142734;Perfumería;2;678.19;Efectivo;06/10/2023;Pozuelo;Tienda física;Masculino;66;Centro
I000608;C826368;Moda;1;2065.09;Otras Tarjetas;27/06/2021;Castellana;Web;Masculino;31;Norte
I000609;C269722;Souvenirs;5;2273.6;Efectivo;24/05/2020;Marbella;Web;Femenino;22;Cliente Online
I000610;C763927;Supermercado;5;554.94;Efectivo;30/01/2021;Princesa;Tienda física;Femenino;35;Sur
I000611;C310827;Electrónica;2;2946.82;Efectivo;05/04/2023;Web ECI;Tienda física;Femenino;31;Cliente Online
I000612;C820954;Perfumería;4;3784.76;Tarjeta ECI;17/07/2022;Pozuelo;Tienda física;Femenino;32;Norte
I000613;C633408;Electrónica;1;2277.05;Otras Tarjetas;10/09/2021;Princesa;Web;Masculino;43;Centro
I000614;C774203;Juguetería;1;771.44;Efectivo;15/02/2023;Castellana;Tienda física;Masculino;28;Sur
I000615;C790210;Zapatería;5;293.8;Efectivo;21/05/2021;Goya;Tienda física;Masculino;34;Sur
I000616;C366358;Libros;1;322.38;Otras Tarjetas;25/04/2023;Bilbao;Web;Femenino;63;Sur
I000617;C175745;Juguetería;5;3714.39;Tarjeta ECI;28/07/2020;Marbella;Tienda física;Masculino;57;Centro
I000618;C516636;Souvenirs;4;774.42;Tarjeta ECI;30/11/2021;Princesa;Tienda física;Masculino;54;Centro
I000619;C879811;Souvenirs;4;4542.91;Efectivo;06/05/2022;Marbella;Tienda física;Femenino;25;Norte
I000620;C403674;Souvenirs;5;342.12;Tarjeta ECI;08/06/2021;Plaza Catalunya;Tienda física;Femenino;47;Sur
I000621;C886147;Souvenirs;2;4773.32;Otras Tarjetas;05/06/2023;Pozuelo;Web;Masculino;66;Cliente Online
I000622;C129246;Zapatería;4;2984.78;Efectivo;27/09/2020;Plaza Catalunya;Web;Masculino;67;Norte
I000623;C611074;Zapatería;1;66.83;Efectivo;04/03/2021;Goya;Tienda física;Masculino;45;Norte
I000624;C878993;Zapatería;5;974.93;Efectivo;30/11/2022;Marbella;Web;Masculino;65;Centro
I000625;C213870;Souvenirs;5;4311.21;Tarjeta ECI;24/11/2022;Pintor Sorolla;Tienda física;Masculino;59;Sur
I000626;C570547;Perfumería;5;2016.99;Tarjeta ECI;21/07/2021;Pozuelo;Web;Femenino;55;Norte
I000627;C891473;Electrónica;4;4524.62;Efectivo;31/10/2020;Web ECI;Web;Masculino;51;Norte
I000628;C187265;Juguetería;2;3849.36;Otras Tarjetas;05/09/2021;Castellana;Web;Femenino;66;Norte
I000629;C605655;Zapatería;1;1769.53;Tarjeta ECI;28/03/2020;Bilbao;Tienda física;Masculino;30;Norte
I000630;C155420;Perfumería;4;214.02;Otras Tarjetas;02/02/2022;Pintor Sorolla;Tienda física;Masculino;53;Sur
I000631;C442359;Libros;5;4063.42;Otras Tarjetas;19/03/2023;Pintor Sorolla;Tienda física;Masculino;46;Cliente Online
I000632;C277415;Moda;4;1995.46;Tarjeta ECI;23/03/2022;Web ECI;Tienda física;Femenino;45;Cliente Online
I000633;C395725;Libros;4;2193.96;Tarjeta ECI;02/02/2020;Goya;Tienda física;Masculino;35;Centro
I000634;C185862;Perfumería;2;1311.0;Tarjeta ECI;05/09/2021;Web ECI;Tienda física;Femenino;18;Cliente Online
I000635;C940478;Zapatería;3;3087.23;Otras Tarjetas;23/11/2020;Web ECI;Tienda física;Masculino;52;Centro
I000636;C122911;Juguetería;5;3697.47;Tarjeta ECI;20/12/2022;Pintor Sorolla;Web;Masculino;65;Centro
I000637;C698088;Supermercado;1;1583.55;Efectivo;09/07/2022;Bilbao;Web;Femenino;49;Cliente Online
I000638;C145534;Perfumería;3;2220.55;Otras Tarjetas;23/01/2021;Marbella;Web;Femenino;26;Cliente Online
I000639;C666339;Moda;2;4796.93;Otras Tarjetas;23/11/2020;Princesa;Tienda física;Femenino;44;Norte
I000640;C977102;Electrónica;2;1433.03;Tarjeta ECI;13/02/2020;Pintor Sorolla;Tienda física;Masculino;24;Cliente Online
I000641;C440266;Moda;4;1939.61;Efectivo;11/01/2021;Princesa;Web;Masculino;63;Centro
I000642;C812292;Libros;5;126.17;Otras Tarjetas;27/01/2021;Princesa;Web;Masculino;57;Sur
I000643;C228043;Souvenirs;4;17.44;Efectivo;25/10/2023;Pozuelo;Tienda física;Femenino;23;Norte
I000644;C124941;Electrónica;1;4652.61;Otras Tarjetas;22/11/2023;Princesa;Web;Femenino;24;Centro
I000645;C646804;Electrónica;1;3205.3;Efectivo;05/10/2020;Pintor Sorolla;Web;Femenino;52;Norte
I000646;C155827;Perfumería;3;2146.53;Tarjeta ECI;28/06/2021;Diagonal;Web;Masculino;57;Cliente Online
I000647;C173545;Perfumería;2;1015.16;Otras Tarjetas;26/07/2021;Diagonal;Tienda física;Femenino;46;Norte
I000648;C468606;Moda;2;2749.61;Efectivo;07/06/2020;Plaza Catalunya;Web;Femenino;26;Norte
I000649;C725688;Juguetería;5;2870.74;Tarjeta ECI;22/05/2022;Bilbao;Web;Femenino;64;Sur
I000650;C328117;Perfumería;5;4299.12;Tarjeta ECI;02/07/2020;Goya;Web;Masculino;38;Sur
I000651;C477587;Electrónica;1;380.42;Otras Tarjetas;01/02/2020;Princesa;Tienda física;Masculino;22;Norte
I000652;C635501;Moda;2;3465.39;Efectivo;11/04/2022;Pozuelo;Tienda física;Masculino;38;Sur
I000653;C259284;Moda;2;1913.84;Tarjeta ECI;23/02/2020;Pozuelo;Web;Femenino;56;Centro
I000654;C531837;Electrónica;1;919.88;Tarjeta ECI;21/01/2021;Marbella;Tienda física;Femenino;63;Sur
I000655;C687404;Zapatería;4;1951.52;Efectivo;27/09/2020;Pozuelo;Tienda física;Masculino;49;Centro
I000656;C827966;Perfumería;5;3964.13;Otras Tarjetas;08/08/2021;Pintor Sorolla;Web;Masculino;45;Cliente Online
I000657;C101057;Moda;2;4529.89;Tarjeta ECI;08/06/2022;Pozuelo;Web;Femenino;55;Centro
I000658;C536178;Supermercado;4;989.02;Otras Tarjetas;15/03/2023;Diagonal;Web;Masculino;51;Centro
I000659;C443648;Zapatería;1;2355.36;Tarjeta ECI;04/04/2022;Plaza Catalunya;Tienda física;Masculino;21;Norte
I000660;C595615;Zapatería;1;2878.81;Otras Tarjetas;29/05/2021;Goya;Tienda física;Masculino;69;Centro
I000661;C241005;Moda;5;179.91;Otras Tarjetas;16/07/2020;Diagonal;Web;Masculino;65;Sur
I000662;C473921;Moda;5;1466.98;Otras Tarjetas;28/06/2021;Princesa;Web;Femenino;66;Centro
I000663;C430437;Souvenirs;3;3065.13;Otras Tarjetas;19/02/2020;Diagonal;Web;Femenino;60;Sur
I000664;C109297;Supermercado;3;105.4;Tarjeta ECI;18/03/2020;Plaza Catalunya;Web;Masculino;62;Sur
I000665;C598414;Souvenirs;4;3289.4;Efectivo;05/02/2023;Pozuelo;Web;Femenino;28;Centro
I000666;C513457;Perfumería;1;4562.71;Otras Tarjetas;17/11/2023;Marbella;Web;Femenino;24;Centro
I000667;C183335;Moda;2;3833.77;Otras Tarjetas;10/06/2023;Diagonal;Web;Femenino;66;Norte
I000668;C822157;Souvenirs;4;2471.18;Tarjeta ECI;13/09/2020;Marbella;Web;Masculino;21;Cliente Online
I000669;C552307;Zapatería;4;2941.68;Otras Tarjetas;07/08/2023;Marbella;Tienda física;Femenino;40;Norte
I000670;C730745;Electrónica;1;597.62;Otras Tarjetas;05/08/2021;Web ECI;Tienda física;Masculino;27;Sur
I000671;C484458;Juguetería;2;2022.52;Otras Tarjetas;01/11/2021;Bilbao;Web;Masculino;25;Cliente Online
I000672;C161963;Moda;1;3503.29;Tarjeta ECI;05/11/2022;Pozuelo;Tienda física;Femenino;37;Cliente Online
I000673;C524408;Supermercado;5;1263.38;Otras Tarjetas;29/08/2022;Castellana;Tienda física;Femenino;56;Sur
I000674;C644941;Moda;5;2668.93;Efectivo;25/10/2022;Castellana;Tienda física;Femenino;30;Sur
I000675;C867168;Souvenirs;2;3361.11;Tarjeta ECI;13/12/2022;Diagonal;Tienda física;Masculino;34;Centro
I000676;C900587;Libros;2;3035.37;Tarjeta ECI;09/11/2022;Pozuelo;Tienda física;Femenino;68;Centro
I000677;C976728;Perfumería;2;4382.14;Otras Tarjetas;07/09/2021;Web ECI;Web;Femenino;63;Sur
I000678;C868652;Libros;4;3541.02;Efectivo;27/02/2021;Bilbao;Tienda física;Femenino;43;Cliente Online
I000679;C297948;Moda;2;1260.5;Efectivo;17/06/2023;Bilbao;Web;Masculino;32;Centro
I000680;C252023;Supermercado;2;1947.54;Otras Tarjetas;24/08/2021;Marbella;Web;Masculino;26;Cliente Online
I000681;C988929;Souvenirs;3;3634.07;Otras Tarjetas;02/02/2021;Web ECI;Web;Masculino;61;Centro
I000682;C790786;Supermercado;5;3380.51;Tarjeta ECI;10/10/2020;Goya;Tienda física;Femenino;58;Cliente Online
I000683;C448295;Zapatería;5;4307.6;Tarjeta ECI;06/04/2020;Plaza Catalunya;Web;Femenino;55;Centro
I000684;C662982;Electrónica;5;563.71;Tarjeta ECI;20/10/2021;Pozuelo;Web;Masculino;34;Sur
I000685;C635291;Electrónica;1;2170.68;Otras Tarjetas;21/07/2021;Plaza Catalunya;Web;Masculino;32;Norte
I000686;C337443;Moda;3;3567.37;Efectivo;13/06/2020;Diagonal;Tienda física;Masculino;45;Sur
I000687;C304158;Supermercado;4;2958.09;Efectivo;09/05/2022;Bilbao;Tienda física;Masculino;31;Norte
I000688;C502227;Electrónica;2;1055.13;Tarjeta ECI;13/04/2020;Pozuelo;Web;Masculino;64;Cliente Online
I000689;C588249;Souvenirs;5;1103.44;Otras Tarjetas;09/10/2022;Bilbao;Web;Femenino;63;Norte
I000690;C195470;Zapatería;3;3181.27;Otras Tarjetas;13/12/2021;Marbella;Web;Femenino;67;Norte
I000691;C676508;Juguetería;4;1636.05;Efectivo;03/10/2020;Bilbao;Web;Masculino;36;Cliente Online
I000692;C308582;Souvenirs;5;2407.95;Otras Tarjetas;04/04/2022;Bilbao;Tienda física;Femenino;25;Centro
I000693;C520061;Souvenirs;2;2086.42;Otras Tarjetas;27/09/2022;Marbella;Web;Masculino;59;Norte
I000694;C445123;Zapatería;5;2266.42;Otras Tarjetas;12/06/2023;Pozuelo;Tienda física;Masculino;30;Centro
I000695;C585089;Zapatería;5;954.48;Tarjeta ECI;01/09/2022;Plaza Catalunya;Web;Femenino;68;Cliente Online
I000696;C626511;Juguetería;5;2628.13;Otras Tarjetas;20/06/2023;Bilbao;Web;Masculino;31;Sur
I000697;C396523;Libros;2;3611.57;Tarjeta ECI;27/12/2023;Princesa;Tienda física;Masculino;36;Cliente Online
I000698;C800066;Juguetería;1;4726.9;Otras Tarjetas;17/10/2021;Web ECI;Tienda física;Femenino;36;Norte
I000699;C643765;Souvenirs;2;4301.99;Tarjeta ECI;04/12/2022;Princesa;Tienda física;Femenino;54;Sur
I000700;C474639;Electrónica;2;1815.63;Otras Tarjetas;03/06/2022;Diagonal;Web;Masculino;56;Cliente Online
I000701;C759595;Libros;4;4238.64;Efectivo;28/07/2020;Diagonal;Tienda física;Masculino;45;Sur
I000702;C669925;Souvenirs;5;370.84;Otras Tarjetas;03/11/2023;Pozuelo;Tienda física;Femenino;66;Centro
I000703;C196059;Electrónica;1;1611.69;Tarjeta ECI;02/12/2020;Diagonal;Web;Masculino;41;Norte
I000704;C191418;Libros;4;603.51;Tarjeta ECI;22/11/2021;Pintor Sorolla;Web;Femenino;53;Norte
I000705;C107792;Juguetería;3;3261.14;Efectivo;28/04/2022;Marbella;Tienda física;Femenino;63;Centro
I000706;C782878;Supermercado;1;212.11;Efectivo;20/08/2023;Bilbao;Tienda física;Masculino;52;Cliente Online
I000707;C383058;Zapatería;3;1986.26;Otras Tarjetas;07/02/2021;Marbella;Web;Femenino;64;Centro
I000708;C144836;Libros;2;2050.43;Efectivo;10/08/2021;Goya;Web;Femenino;30;Cliente Online
I000709;C793786;Perfumería;4;682.32;Tarjeta ECI;12/01/2021;Marbella;Web;Masculino;50;Cliente Online
I000710;C213167;Zapatería;1;4261.06;Tarjeta ECI;06/02/2023;Castellana;Tienda física;Femenino;55;Norte
I000711;C616445;Zapatería;1;4827.34;Otras Tarjetas;27/04/2022;Pintor Sorolla;Tienda física;Femenino;59;Cliente Online
I000712;C203658;Souvenirs;5;3164.58;Tarjeta ECI;09/06/2021;Bilbao;Web;Femenino;58;Cliente Online
I000713;C401624;Moda;1;3729.65;Tarjeta ECI;05/02/2020;Princesa;Tienda física;Masculino;66;Cliente Online
I000714;C288192;Souvenirs;5;4276.87;Otras Tarjetas;11/08/2022;Marbella;Tienda física;Femenino;66;Sur
I000715;C852928;Moda;5;4856.64;Tarjeta ECI;27/08/2022;Web ECI;Web;Masculino;54;Centro
I000716;C772081;Libros;5;3157.28;Tarjeta ECI;22/03/2020;Princesa;Tienda física;Femenino;44;Sur
I000717;C196496;Souvenirs;2;4603.67;Tarjeta ECI;25/05/2022;Diagonal;Web;Masculino;55;Cliente Online
I000718;C369834;Juguetería;4;2680.89;Tarjeta ECI;24/03/2020;Marbella;Web;Femenino;31;Norte
I000719;C483160;Souvenirs;3;1637.33;Efectivo;09/08/2023;Goya;Tienda física;Femenino;37;Norte
I000720;C618944;Electrónica;2;3935.22;Efectivo;06/09/2022;Pintor Sorolla;Web;Masculino;32;Sur
I000721;C657478;Souvenirs;3;2464.16;Otras Tarjetas;18/08/2020;Goya;Tienda física;Masculino;62;Centro
I000722;C192070;Juguetería;3;1922.58;Efectivo;07/06/2023;Plaza Catalunya;Web;Femenino;18;Norte
I000723;C852169;Supermercado;4;669.17;Tarjeta ECI;01/04/2023;Castellana;Web;Masculino;55;Sur
I000724;C644005;Zapatería;3;2441.15;Tarjeta ECI;17/09/2022;Web ECI;Tienda física;Femenino;43;Cliente Online
I000725;C890589;Zapatería;1;4729.35;Otras Tarjetas;09/11/2023;Pintor Sorolla;Tienda física;Masculino;53;Centro
I000726;C700441;Perfumería;3;3873.83;Tarjeta ECI;23/05/2023;Pintor Sorolla;Tienda física;Masculino;65;Centro
I000727;C276013;Juguetería;4;2258.06;Tarjeta ECI;13/05/2021;Pintor Sorolla;Tienda física;Femenino;43;Norte
I000728;C483760;Moda;5;727.26;Otras Tarjetas;12/01/2021;Pintor Sorolla;Web;Femenino;31;Centro
I000729;C650612;Juguetería;3;4270.76;Tarjeta ECI;07/06/2021;Castellana;Web;Femenino;39;Norte
I000730;C731412;Perfumería;1;1857.82;Tarjeta ECI;01/02/2022;Marbella;Web;Masculino;26;Sur
I000731;C892392;Moda;2;1331.2;Tarjeta ECI;28/08/2022;Marbella;Tienda física;Femenino;51;Cliente Online
I000732;C898674;Supermercado;2;4338.69;Tarjeta ECI;04/10/2022;Princesa;Web;Femenino;67;Norte
I000733;C796028;Perfumería;5;482.37;Tarjeta ECI;17/11/2020;Diagonal;Tienda física;Masculino;60;Norte
I000734;C489394;Supermercado;2;3003.94;Tarjeta ECI;16/07/2022;Castellana;Web;Femenino;37;Sur
I000735;C698116;Electrónica;5;1156.57;Tarjeta ECI;18/12/2021;Plaza Catalunya;Web;Masculino;40;Norte
I000736;C987314;Electrónica;2;3444.9;Efectivo;17/10/2023;Web ECI;Web;Masculino;65;Sur
I000737;C760177;Zapatería;2;2494.55;Tarjeta ECI;17/10/2021;Pintor Sorolla;Web;Masculino;22;Sur
I000738;C924335;Supermercado;4;3310.31;Efectivo;03/11/2021;Castellana;Web;Masculino;58;Norte
I000739;C266375;Electrónica;2;3001.62;Otras Tarjetas;11/10/2021;Plaza Catalunya;Tienda física;Masculino;21;Sur
I000740;C681960;Zapatería;2;816.11;Efectivo;29/06/2023;Castellana;Web;Masculino;24;Norte
I000741;C711994;Perfumería;4;4022.54;Efectivo;06/04/2022;Bilbao;Web;Masculino;31;Norte
I000742;C113904;Libros;5;69.65;Tarjeta ECI;14/04/2021;Diagonal;Tienda física;Femenino;27;Centro
I000743;C774483;Perfumería;5;2283.2;Efectivo;01/01/2021;Pintor Sorolla;Web;Femenino;62;Sur
I000744;C122012;Supermercado;5;2392.17;Otras Tarjetas;24/05/2020;Pozuelo;Web;Femenino;35;Cliente Online
I000745;C367265;Perfumería;5;2227.69;Otras Tarjetas;13/04/2021;Marbella;Tienda física;Masculino;32;Cliente Online
I000746;C649395;Electrónica;3;2902.54;Tarjeta ECI;11/06/2023;Marbella;Tienda física;Masculino;56;Cliente Online
I000747;C169750;Supermercado;3;731.36;Tarjeta ECI;28/08/2022;Bilbao;Tienda física;Masculino;62;Cliente Online
I000748;C515844;Electrónica;4;534.38;Otras Tarjetas;26/03/2023;Pintor Sorolla;Web;Masculino;18;Cliente Online
I000749;C582364;Souvenirs;3;2124.97;Tarjeta ECI;12/10/2022;Bilbao;Tienda física;Masculino;22;Centro
I000750;C381079;Juguetería;2;4469.94;Efectivo;22/10/2021;Goya;Tienda física;Femenino;37;Centro
I000751;C748792;Souvenirs;2;910.57;Tarjeta ECI;26/11/2023;Goya;Tienda física;Masculino;39;Centro
I000752;C560836;Electrónica;2;3957.97;Otras Tarjetas;25/11/2020;Diagonal;Tienda física;Femenino;29;Cliente Online
I000753;C573359;Moda;1;156.55;Efectivo;08/02/2022;Castellana;Web;Masculino;58;Centro
I000754;C187818;Souvenirs;2;1150.64;Otras Tarjetas;26/04/2020;Web ECI;Web;Masculino;57;Sur
I000755;C820263;Juguetería;2;3812.78;Efectivo;03/02/2020;Marbella;Tienda física;Masculino;48;Cliente Online
I000756;C982219;Libros;4;1307.11;Otras Tarjetas;27/09/2020;Plaza Catalunya;Web;Masculino;25;Sur
I000757;C373869;Electrónica;2;241.13;Otras Tarjetas;25/03/2023;Bilbao;Web;Femenino;28;Norte
I000758;C180865;Libros;1;3523.43;Otras Tarjetas;11/08/2021;Goya;Tienda física;Masculino;61;Sur
I000759;C784556;Perfumería;1;3483.9;Efectivo;29/09/2023;Plaza Catalunya;Web;Femenino;54;Cliente Online
I000760;C131973;Juguetería;2;2456.15;Otras Tarjetas;22/06/2020;Princesa;Web;Masculino;34;Centro
I000761;C849408;Perfumería;1;1522.2;Tarjeta ECI;31/01/2023;Castellana;Tienda física;Masculino;46;Centro
I000762;C599647;Electrónica;2;4574.08;Otras Tarjetas;14/01/2020;Marbella;Web;Masculino;54;Sur
I000763;C141126;Juguetería;3;4519.82;Otras Tarjetas;23/12/2021;Pozuelo;Web;Masculino;30;Sur
I000764;C146013;Perfumería;3;2492.53;Otras Tarjetas;04/05/2023;Pozuelo;Web;Femenino;52;Norte
I000765;C346225;Libros;2;3876.24;Otras Tarjetas;28/06/2022;Web ECI;Web;Femenino;53;Sur
I000766;C965709;Zapatería;4;845.16;Tarjeta ECI;22/01/2022;Bilbao;Tienda física;Femenino;20;Cliente Online
I000767;C191847;Moda;4;4489.92;Efectivo;01/03/2023;Pozuelo;Web;Masculino;54;Centro
I000768;C614847;Zapatería;1;3078.56;Otras Tarjetas;17/01/2020;Marbella;Tienda física;Femenino;61;Sur
I000769;C303164;Supermercado;5;1078.82;Efectivo;20/09/2023;Castellana;Tienda física;Masculino;51;Norte
I000770;C700639;Souvenirs;4;1741.05;Tarjeta ECI;10/12/2022;Castellana;Tienda física;Masculino;68;Centro
I000771;C255588;Juguetería;3;2414.71;Efectivo;27/01/2023;Bilbao;Tienda física;Femenino;27;Cliente Online
I000772;C721401;Moda;2;1255.49;Tarjeta ECI;20/01/2022;Bilbao;Tienda física;Femenino;23;Centro
I000773;C353000;Supermercado;1;4605.14;Tarjeta ECI;13/04/2020;Goya;Tienda física;Masculino;21;Centro
I000774;C949594;Supermercado;3;2999.44;Tarjeta ECI;14/12/2023;Pozuelo;Tienda física;Femenino;35;Cliente Online
I000775;C490202;Supermercado;4;4253.82;Tarjeta ECI;15/02/2023;Castellana;Web;Femenino;69;Norte
I000776;C882372;Souvenirs;2;1360.62;Efectivo;10/10/2023;Goya;Tienda física;Masculino;54;Norte
I000777;C112210;Zapatería;4;4762.95;Otras Tarjetas;29/10/2021;Web ECI;Tienda física;Masculino;26;Sur
I000778;C154560;Souvenirs;5;2673.07;Otras Tarjetas;08/02/2022;Web ECI;Web;Femenino;60;Norte
I000779;C609332;Juguetería;2;3362.32;Tarjeta ECI;01/09/2020;Bilbao;Tienda física;Masculino;65;Sur
I000780;C780546;Libros;3;4294.67;Otras Tarjetas;06/01/2022;Pozuelo;Web;Masculino;27;Cliente Online
I000781;C127992;Electrónica;3;602.06;Tarjeta ECI;15/06/2022;Pintor Sorolla;Tienda física;Masculino;38;Cliente Online
I000782;C585649;Supermercado;5;1956.23;Otras Tarjetas;30/07/2023;Marbella;Tienda física;Femenino;25;Cliente Online
I000783;C120161;Libros;2;873.53;Tarjeta ECI;29/09/2021;Marbella;Web;Femenino;59;Norte
I000784;C513991;Zapatería;2;3736.2;Efectivo;09/06/2021;Bilbao;Web;Masculino;21;Cliente Online
I000785;C886892;Souvenirs;2;1874.05;Efectivo;07/06/2022;Goya;Web;Femenino;42;Sur
I000786;C535296;Perfumería;1;476.12;Tarjeta ECI;21/04/2023;Bilbao;Tienda física;Masculino;60;Centro
I000787;C700859;Supermercado;3;4143.87;Otras Tarjetas;03/01/2021;Plaza Catalunya;Tienda física;Femenino;68;Norte
I000788;C987475;Zapatería;3;625.63;Efectivo;02/11/2020;Plaza Catalunya;Tienda física;Masculino;44;Sur
I000789;C414213;Juguetería;5;1587.43;Otras Tarjetas;06/09/2021;Bilbao;Tienda física;Femenino;49;Cliente Online
I000790;C633644;Juguetería;1;3816.16;Efectivo;01/04/2022;Marbella;Tienda física;Femenino;49;Centro
I000791;C182255;Libros;2;36.86;Tarjeta ECI;03/06/2022;Pintor Sorolla;Tienda física;Femenino;50;Centro
I000792;C935956;Zapatería;4;1879.66;Tarjeta ECI;11/12/2021;Pozuelo;Tienda física;Masculino;54;Centro
I000793;C767130;Libros;4;1430.6;Efectivo;04/06/2020;Plaza Catalunya;Web;Masculino;52;Centro
I000794;C981042;Electrónica;5;2922.44;Otras Tarjetas;27/12/2022;Goya;Web;Masculino;55;Sur
I000795;C278111;Electrónica;2;3670.02;Tarjeta ECI;12/10/2023;Princesa;Tienda física;Masculino;21;Sur
I000796;C133492;Zapatería;5;3087.72;Efectivo;14/09/2022;Princesa;Web;Masculino;62;Centro
I000797;C447956;Souvenirs;3;2855.0;Efectivo;08/07/2022;Bilbao;Tienda física;Femenino;38;Cliente Online
I000798;C104953;Electrónica;5;1204.03;Tarjeta ECI;11/11/2023;Bilbao;Web;Femenino;47;Cliente Online
I000799;C331741;Supermercado;1;2962.74;Tarjeta ECI;18/04/2020;Pintor Sorolla;Web;Femenino;18;Sur
I000800;C385267;Libros;3;2224.68;Tarjeta ECI;11/02/2021;Princesa;Tienda física;Masculino;56;Norte
I000801;C861868;Souvenirs;4;4059.79;Tarjeta ECI;27/10/2020;Diagonal;Web;Femenino;22;Centro
I000802;C202106;Souvenirs;1;1617.57;Tarjeta ECI;14/09/2020;Goya;Tienda física;Masculino;34;Sur
I000803;C457799;Libros;1;1124.93;Efectivo;25/08/2022;Web ECI;Web;Femenino;42;Sur
I000804;C400963;Electrónica;5;838.91;Otras Tarjetas;04/04/2020;Pintor Sorolla;Web;Femenino;39;Norte
I000805;C558019;Perfumería;5;3385.8;Otras Tarjetas;05/06/2023;Marbella;Tienda física;Femenino;66;Norte
I000806;C478510;Libros;2;4394.08;Tarjeta ECI;29/07/2022;Goya;Tienda física;Masculino;58;Centro
I000807;C754891;Moda;1;2649.56;Tarjeta ECI;25/03/2023;Plaza Catalunya;Web;Masculino;66;Norte
I000808;C336754;Electrónica;1;4972.71;Efectivo;08/12/2022;Pintor Sorolla;Web;Femenino;61;Norte
I000809;C485499;Libros;2;1075.51;Otras Tarjetas;21/02/2023;Goya;Web;Femenino;34;Norte
I000810;C531029;Perfumería;5;2199.96;Otras Tarjetas;03/12/2021;Plaza Catalunya;Web;Masculino;69;Centro
I000811;C800171;Moda;3;2416.67;Tarjeta ECI;02/04/2023;Marbella;Tienda física;Masculino;68;Norte
I000812;C467406;Juguetería;5;1835.39;Tarjeta ECI;19/05/2022;Diagonal;Tienda física;Masculino;29;Sur
I000813;C598630;Electrónica;5;660.49;Otras Tarjetas;30/01/2022;Marbella;Tienda física;Femenino;46;Cliente Online
I000814;C359438;Libros;1;183.55;Otras Tarjetas;22/08/2022;Goya;Web;Masculino;18;Cliente Online
I000815;C996527;Supermercado;2;4495.03;Tarjeta ECI;18/03/2021;Pintor Sorolla;Web;Masculino;64;Sur
I000816;C300779;Libros;2;307.01;Otras Tarjetas;15/04/2022;Diagonal;Tienda física;Femenino;40;Cliente Online
I000817;C818234;Souvenirs;5;4087.25;Efectivo;02/05/2021;Pozuelo;Web;Femenino;67;Cliente Online
I000818;C723750;Supermercado;3;2099.62;Otras Tarjetas;21/04/2022;Web ECI;Tienda física;Femenino;34;Sur
I000819;C946474;Libros;3;60.56;Efectivo;13/01/2023;Plaza Catalunya;Web;Femenino;26;Cliente Online
I000820;C871580;Juguetería;4;3869.94;Efectivo;10/02/2022;Plaza Catalunya;Tienda física;Femenino;66;Cliente Online
I000821;C160315;Supermercado;3;2428.96;Efectivo;15/10/2023;Princesa;Web;Femenino;65;Centro
I000822;C569608;Moda;3;1116.05;Otras Tarjetas;21/01/2022;Web ECI;Web;Masculino;37;Centro
I000823;C365528;Supermercado;3;244.31;Otras Tarjetas;18/02/2020;Pintor Sorolla;Web;Masculino;32;Cliente Online
I000824;C178915;Perfumería;4;146.54;Otras Tarjetas;14/07/2020;Diagonal;Tienda física;Masculino;29;Cliente Online
I000825;C207449;Juguetería;5;381.61;Tarjeta ECI;09/10/2021;Bilbao;Tienda física;Masculino;27;Centro
I000826;C626432;Souvenirs;4;762.42;Tarjeta ECI;20/04/2020;Bilbao;Web;Femenino;38;Cliente Online
I000827;C991094;Supermercado;5;3212.21;Otras Tarjetas;24/06/2021;Princesa;Web;Masculino;61;Norte
I000828;C904107;Supermercado;3;3581.94;Efectivo;21/09/2020;Web ECI;Tienda física;Masculino;26;Centro
I000829;C508267;Libros;2;2264.18;Tarjeta ECI;26/12/2022;Castellana;Web;Masculino;64;Centro
I000830;C615992;Electrónica;5;1125.27;Tarjeta ECI;04/04/2021;Bilbao;Web;Masculino;62;Centro
I000831;C812195;Moda;3;934.83;Otras Tarjetas;28/02/2022;Bilbao;Web;Masculino;23;Cliente Online
I000832;C983321;Electrónica;2;4942.8;Efectivo;13/01/2020;Castellana;Tienda física;Femenino;53;Sur
I000833;C494149;Moda;3;1735.25;Tarjeta ECI;22/07/2023;Bilbao;Web;Femenino;64;Centro
I000834;C804158;Supermercado;1;1837.23;Otras Tarjetas;12/04/2023;Castellana;Web;Femenino;31;Centro
I000835;C706206;Zapatería;5;4537.78;Efectivo;21/03/2023;Marbella;Tienda física;Femenino;64;Cliente Online
I000836;C407488;Juguetería;5;735.26;Otras Tarjetas;17/02/2022;Plaza Catalunya;Tienda física;Femenino;21;Centro
I000837;C324475;Libros;3;86.69;Tarjeta ECI;17/05/2022;Princesa;Web;Masculino;27;Cliente Online
I000838;C877114;Perfumería;3;3151.04;Tarjeta ECI;08/09/2022;Plaza Catalunya;Tienda física;Femenino;61;Centro
I000839;C112860;Electrónica;5;566.86;Otras Tarjetas;28/07/2021;Bilbao;Tienda física;Femenino;31;Centro
I000840;C936577;Zapatería;5;4228.44;Tarjeta ECI;18/01/2020;Goya;Tienda física;Masculino;30;Norte
I000841;C632709;Electrónica;4;3631.82;Otras Tarjetas;03/03/2021;Goya;Web;Masculino;31;Sur
I000842;C422284;Zapatería;5;875.31;Efectivo;22/11/2021;Bilbao;Tienda física;Femenino;45;Centro
I000843;C512257;Electrónica;4;4105.21;Efectivo;07/11/2020;Castellana;Tienda física;Femenino;24;Centro
I000844;C844965;Electrónica;3;3210.53;Tarjeta ECI;28/06/2020;Plaza Catalunya;Tienda física;Masculino;39;Sur
I000845;C543791;Souvenirs;1;439.22;Otras Tarjetas;19/01/2020;Diagonal;Tienda física;Masculino;28;Norte
I000846;C687587;Supermercado;4;1406.46;Otras Tarjetas;23/07/2023;Bilbao;Tienda física;Masculino;67;Cliente Online
I000847;C908858;Souvenirs;1;2748.42;Tarjeta ECI;02/12/2023;Bilbao;Tienda física;Femenino;34;Norte
I000848;C649817;Electrónica;2;3742.39;Tarjeta ECI;04/01/2020;Bilbao;Tienda física;Masculino;42;Cliente Online
I000849;C447267;Supermercado;2;54.73;Tarjeta ECI;13/08/2023;Pozuelo;Web;Masculino;33;Norte
I000850;C319036;Moda;2;1249.72;Tarjeta ECI;22/06/2023;Plaza Catalunya;Tienda física;Femenino;63;Norte
I000851;C182970;Zapatería;4;2074.07;Tarjeta ECI;10/01/2021;Pozuelo;Web;Masculino;57;Sur
I000852;C196519;Juguetería;3;2461.87;Otras Tarjetas;03/01/2020;Web ECI;Tienda física;Femenino;67;Centro
I000853;C956412;Electrónica;4;4799.59;Otras Tarjetas;09/09/2021;Web ECI;Tienda física;Masculino;62;Centro
I000854;C196000;Souvenirs;4;897.64;Tarjeta ECI;09/12/2023;Castellana;Tienda física;Femenino;61;Sur
I000855;C380318;Supermercado;1;4602.3;Otras Tarjetas;20/05/2020;Castellana;Web;Masculino;34;Norte
I000856;C731859;Souvenirs;2;1552.09;Efectivo;16/02/2021;Goya;Web;Masculino;33;Centro
I000857;C793861;Supermercado;5;3233.59;Efectivo;05/09/2022;Marbella;Web;Femenino;20;Sur
I000858;C822598;Perfumería;1;4852.37;Efectivo;10/11/2020;Castellana;Tienda física;Femenino;26;Norte
I000859;C667806;Electrónica;3;3460.1;Efectivo;13/08/2021;Goya;Tienda física;Masculino;28;Sur
I000860;C429790;Perfumería;3;4757.86;Efectivo;28/04/2023;Pintor Sorolla;Tienda física;Femenino;18;Norte
I000861;C869060;Zapatería;4;4767.55;Efectivo;05/12/2022;Diagonal;Web;Masculino;28;Sur
I000862;C174100;Electrónica;4;2704.59;Efectivo;06/05/2020;Web ECI;Web;Masculino;60;Centro
I000863;C208977;Zapatería;2;2209.36;Otras Tarjetas;04/05/2022;Plaza Catalunya;Web;Masculino;33;Cliente Online
I000864;C384121;Libros;1;2960.19;Otras Tarjetas;14/02/2020;Pozuelo;Web;Femenino;63;Centro
I000865;C915175;Juguetería;1;35.05;Tarjeta ECI;22/12/2020;Castellana;Web;Masculino;42;Norte
I000866;C543551;Juguetería;2;1577.97;Tarjeta ECI;20/08/2021;Goya;Web;Masculino;32;Centro
I000867;C952458;Supermercado;4;1913.66;Tarjeta ECI;31/01/2023;Plaza Catalunya;Tienda física;Femenino;24;Sur
I000868;C998152;Libros;1;2332.2;Efectivo;26/05/2022;Marbella;Web;Femenino;36;Centro
I000869;C728310;Moda;5;976.07;Tarjeta ECI;25/04/2020;Marbella;Tienda física;Masculino;48;Norte
I000870;C633987;Zapatería;5;3252.02;Tarjeta ECI;27/03/2021;Princesa;Web;Masculino;25;Centro
I000871;C774960;Zapatería;2;2128.9;Otras Tarjetas;25/04/2021;Plaza Catalunya;Web;Masculino;69;Norte
I000872;C367336;Moda;4;4953.67;Tarjeta ECI;24/10/2022;Princesa;Web;Femenino;46;Centro
I000873;C241747;Juguetería;2;4723.27;Efectivo;21/11/2023;Diagonal;Tienda física;Masculino;26;Centro
I000874;C627191;Zapatería;5;1610.06;Tarjeta ECI;22/04/2020;Pozuelo;Web;Femenino;53;Norte
I000875;C174359;Juguetería;5;465.04;Tarjeta ECI;15/10/2021;Diagonal;Web;Masculino;24;Centro
I000876;C956470;Zapatería;2;2359.9;Otras Tarjetas;10/09/2022;Plaza Catalunya;Web;Masculino;45;Sur
I000877;C464181;Moda;3;2291.92;Tarjeta ECI;04/11/2021;Goya;Web;Femenino;63;Cliente Online
I000878;C260278;Libros;1;3428.29;Efectivo;11/02/2023;Pozuelo;Web;Masculino;53;Norte
I000879;C179520;Supermercado;5;235.44;Efectivo;01/02/2023;Princesa;Tienda física;Femenino;64;Centro
I000880;C567142;Supermercado;5;4731.22;Otras Tarjetas;28/01/2022;Web ECI;Web;Femenino;29;Sur
I000881;C429500;Souvenirs;4;1054.45;Tarjeta ECI;12/08/2021;Web ECI;Tienda física;Femenino;59;Norte
I000882;C998196;Supermercado;2;4969.35;Otras Tarjetas;29/06/2020;Pozuelo;Tienda física;Masculino;39;Sur
I000883;C972465;Supermercado;1;2080.03;Efectivo;26/01/2023;Pozuelo;Web;Masculino;59;Sur
I000884;C578616;Moda;1;1403.3;Efectivo;01/10/2022;Diagonal;Tienda física;Femenino;42;Norte
I000885;C531443;Juguetería;4;2699.28;Otras Tarjetas;31/12/2020;Castellana;Tienda física;Masculino;37;Sur
I000886;C512003;Moda;4;3857.05;Efectivo;20/04/2020;Web ECI;Tienda física;Femenino;65;Sur
I000887;C831174;Perfumería;4;17.69;Efectivo;04/02/2021;Pozuelo;Tienda física;Femenino;66;Norte
I000888;C281853;Electrónica;5;1810.37;Otras Tarjetas;08/03/2021;Plaza Catalunya;Tienda física;Femenino;66;Cliente Online
I000889;C356653;Electrónica;2;1291.66;Otras Tarjetas;11/03/2021;Pozuelo;Tienda física;Masculino;38;Cliente Online
I000890;C798626;Perfumería;3;3968.54;Tarjeta ECI;15/11/2020;Diagonal;Web;Femenino;20;Sur
I000891;C558078;Zapatería;1;2584.8;Tarjeta ECI;25/10/2022;Web ECI;Web;Masculino;62;Centro
I000892;C893232;Zapatería;1;1551.74;Otras Tarjetas;15/06/2023;Princesa;Web;Femenino;57;Norte
I000893;C435851;Souvenirs;3;4468.29;Otras Tarjetas;14/11/2021;Marbella;Tienda física;Femenino;21;Norte
I000894;C468552;Perfumería;2;59.88;Otras Tarjetas;17/11/2023;Goya;Web;Masculino;68;Norte
I000895;C775287;Juguetería;5;4565.17;Tarjeta ECI;19/01/2023;Plaza Catalunya;Tienda física;Femenino;37;Sur
I000896;C503643;Moda;5;1291.47;Efectivo;24/10/2022;Goya;Tienda física;Masculino;37;Centro
I000897;C106757;Moda;4;3481.78;Otras Tarjetas;17/07/2023;Pintor Sorolla;Web;Femenino;52;Norte
I000898;C682324;Libros;1;3970.12;Tarjeta ECI;27/10/2022;Web ECI;Tienda física;Femenino;35;Cliente Online
I000899;C445671;Souvenirs;1;744.86;Otras Tarjetas;17/04/2020;Diagonal;Web;Femenino;61;Cliente Online
I000900;C557158;Libros;4;4750.96;Tarjeta ECI;30/12/2020;Pozuelo;Web;Masculino;64;Sur
I000901;C273827;Libros;5;481.12;Otras Tarjetas;16/10/2020;Marbella;Tienda física;Femenino;47;Centro
I000902;C824415;Supermercado;4;1920.83;Efectivo;24/01/2023;Pintor Sorolla;Web;Masculino;20;Cliente Online
I000903;C467850;Perfumería;2;2567.98;Otras Tarjetas;16/02/2022;Marbella;Web;Femenino;22;Sur
I000904;C536028;Supermercado;2;1955.93;Otras Tarjetas;20/09/2022;Goya;Web;Femenino;69;Sur
I000905;C222629;Perfumería;4;1979.54;Tarjeta ECI;07/04/2020;Bilbao;Tienda física;Femenino;44;Cliente Online
I000906;C367288;Electrónica;2;1316.18;Efectivo;07/01/2021;Pintor Sorolla;Web;Femenino;58;Centro
I000907;C475138;Supermercado;4;497.22;Tarjeta ECI;04/04/2020;Plaza Catalunya;Tienda física;Masculino;50;Centro
I000908;C265120;Zapatería;3;3213.87;Otras Tarjetas;05/02/2023;Bilbao;Tienda física;Femenino;30;Centro
I000909;C916583;Libros;5;3200.88;Otras Tarjetas;27/06/2020;Pozuelo;Web;Masculino;63;Norte
I000910;C452176;Libros;5;3463.71;Efectivo;08/05/2023;Diagonal;Web;Masculino;41;Centro
I000911;C429908;Souvenirs;5;4355.33;Efectivo;27/12/2020;Pintor Sorolla;Tienda física;Femenino;39;Sur
I000912;C290051;Supermercado;2;2436.33;Otras Tarjetas;10/03/2020;Plaza Catalunya;Tienda física;Femenino;23;Sur
I000913;C622008;Libros;2;1415.88;Efectivo;22/04/2020;Marbella;Tienda física;Masculino;50;Norte
I000914;C145274;Moda;3;4984.63;Efectivo;22/10/2023;Castellana;Tienda física;Masculino;57;Sur
I000915;C354535;Juguetería;1;4238.47;Otras Tarjetas;28/01/2022;Marbella;Tienda física;Masculino;40;Norte
I000916;C956849;Moda;4;700.36;Otras Tarjetas;16/09/2022;Goya;Web;Femenino;30;Sur
I000917;C332820;Moda;3;3192.75;Efectivo;16/07/2020;Plaza Catalunya;Web;Femenino;61;Cliente Online
I000918;C840076;Souvenirs;5;4673.48;Efectivo;21/08/2022;Pintor Sorolla;Tienda física;Masculino;19;Sur
I000919;C836601;Moda;3;2101.86;Tarjeta ECI;05/05/2022;Diagonal;Web;Femenino;21;Cliente Online
I000920;C811377;Electrónica;5;1759.77;Otras Tarjetas;19/12/2022;Plaza Catalunya;Tienda física;Masculino;47;Norte
I000921;C428942;Supermercado;3;4879.63;Efectivo;30/03/2020;Marbella;Tienda física;Masculino;35;Sur
I000922;C707000;Moda;3;2356.62;Otras Tarjetas;05/06/2020;Marbella;Web;Masculino;45;Sur
I000923;C535077;Souvenirs;4;3474.6;Tarjeta ECI;18/09/2022;Web ECI;Web;Femenino;45;Centro
I000924;C702164;Juguetería;1;1634.4;Efectivo;31/05/2020;Web ECI;Web;Masculino;29;Sur
I000925;C471441;Souvenirs;5;2129.22;Efectivo;23/06/2023;Bilbao;Tienda física;Femenino;44;Sur
I000926;C207583;Supermercado;5;3143.72;Tarjeta ECI;02/08/2022;Web ECI;Web;Masculino;25;Norte
I000927;C607639;Souvenirs;2;4685.45;Tarjeta ECI;19/11/2023;Princesa;Web;Femenino;20;Norte
I000928;C453557;Juguetería;5;3683.79;Otras Tarjetas;26/09/2020;Diagonal;Tienda física;Masculino;32;Centro
I000929;C183634;Juguetería;1;4760.39;Efectivo;13/02/2020;Marbella;Tienda física;Femenino;61;Sur
I000930;C749287;Souvenirs;5;2028.08;Otras Tarjetas;14/07/2022;Goya;Web;Masculino;52;Centro
I000931;C863659;Electrónica;2;417.07;Tarjeta ECI;14/12/2023;Diagonal;Tienda física;Femenino;21;Centro
I000932;C664203;Zapatería;4;3227.67;Tarjeta ECI;07/08/2020;Marbella;Tienda física;Masculino;31;Norte
I000933;C536562;Souvenirs;4;538.78;Tarjeta ECI;13/03/2022;Castellana;Tienda física;Masculino;64;Centro
I000934;C873941;Electrónica;5;2826.0;Efectivo;11/11/2023;Pozuelo;Web;Masculino;34;Norte
I000935;C780387;Juguetería;3;2704.56;Tarjeta ECI;11/12/2020;Web ECI;Web;Masculino;59;Norte
I000936;C770182;Moda;4;2137.84;Otras Tarjetas;10/05/2023;Pintor Sorolla;Tienda física;Femenino;41;Norte
I000937;C180934;Libros;4;3711.39;Efectivo;16/01/2022;Castellana;Tienda física;Masculino;23;Cliente Online
I000938;C523842;Perfumería;3;1135.77;Efectivo;13/08/2020;Princesa;Web;Femenino;49;Norte
I000939;C318706;Souvenirs;4;3464.47;Tarjeta ECI;01/09/2023;Castellana;Web;Masculino;69;Sur
I000940;C254678;Juguetería;5;3776.74;Efectivo;24/07/2022;Bilbao;Tienda física;Masculino;19;Cliente Online
I000941;C377195;Souvenirs;3;319.98;Tarjeta ECI;13/03/2020;Princesa;Web;Masculino;64;Centro
I000942;C977202;Electrónica;4;4147.86;Efectivo;03/04/2021;Goya;Web;Femenino;48;Sur
I000943;C795682;Libros;1;3722.32;Tarjeta ECI;31/08/2021;Goya;Tienda física;Masculino;41;Norte
I000944;C475298;Libros;4;2403.34;Efectivo;07/06/2020;Web ECI;Tienda física;Masculino;65;Centro
I000945;C330336;Zapatería;3;2297.41;Efectivo;23/10/2022;Pintor Sorolla;Tienda física;Masculino;56;Cliente Online
I000946;C577993;Juguetería;3;2038.63;Otras Tarjetas;13/01/2023;Plaza Catalunya;Web;Femenino;29;Centro
I000947;C962381;Souvenirs;2;2531.1;Tarjeta ECI;25/12/2022;Bilbao;Tienda física;Masculino;57;Centro
I000948;C715134;Perfumería;2;4200.82;Tarjeta ECI;03/12/2021;Pozuelo;Tienda física;Masculino;34;Sur
I000949;C489337;Moda;1;418.53;Otras Tarjetas;16/12/2021;Web ECI;Tienda física;Femenino;68;Centro
I000950;C473126;Libros;1;2684.21;Otras Tarjetas;23/06/2021;Goya;Tienda física;Femenino;34;Norte
I000951;C228524;Supermercado;4;1192.93;Efectivo;20/01/2021;Diagonal;Tienda física;Masculino;59;Norte
I000952;C920164;Zapatería;2;2513.27;Otras Tarjetas;21/08/2021;Bilbao;Web;Masculino;42;Norte
I000953;C346221;Souvenirs;2;3049.06;Otras Tarjetas;28/11/2020;Castellana;Tienda física;Masculino;68;Cliente Online
I000954;C493391;Electrónica;5;2086.15;Efectivo;17/07/2021;Castellana;Web;Femenino;69;Cliente Online
I000955;C784955;Electrónica;2;1374.86;Otras Tarjetas;05/12/2022;Plaza Catalunya;Web;Masculino;68;Norte
I000956;C438357;Moda;2;29.55;Otras Tarjetas;14/10/2020;Diagonal;Tienda física;Femenino;65;Sur
I000957;C369918;Libros;5;3511.19;Tarjeta ECI;25/02/2023;Pozuelo;Tienda física;Masculino;49;Centro
I000958;C582789;Electrónica;5;2802.69;Efectivo;07/09/2021;Bilbao;Tienda física;Femenino;52;Centro
I000959;C519971;Juguetería;5;4167.83;Efectivo;04/10/2020;Plaza Catalunya;Web;Masculino;46;Centro
I000960;C152389;Juguetería;4;3644.36;Tarjeta ECI;06/11/2020;Web ECI;Web;Masculino;52;Norte
I000961;C760161;Libros;4;949.3;Tarjeta ECI;09/10/2023;Castellana;Web;Femenino;29;Cliente Online
I000962;C435238;Perfumería;4;542.63;Tarjeta ECI;11/02/2023;Pozuelo;Tienda física;Femenino;37;Cliente Online
I000963;C567031;Souvenirs;1;3133.02;Efectivo;26/11/2020;Plaza Catalunya;Tienda física;Femenino;49;Norte
I000964;C360407;Libros;3;4998.94;Efectivo;24/01/2022;Pintor Sorolla;Tienda física;Masculino;27;Cliente Online
I000965;C499209;Moda;3;670.09;Otras Tarjetas;13/02/2022;Goya;Tienda física;Femenino;31;Sur
I000966;C394388;Zapatería;1;4005.32;Otras Tarjetas;20/07/2023;Diagonal;Tienda física;Femenino;56;Centro
I000967;C669003;Supermercado;5;3531.0;Efectivo;11/07/2020;Bilbao;Tienda física;Femenino;52;Cliente Online
I000968;C381335;Zapatería;1;3572.91;Otras Tarjetas;07/01/2023;Goya;Tienda física;Masculino;53;Norte
I000969;C328347;Zapatería;5;772.45;Tarjeta ECI;02/10/2021;Marbella;Tienda física;Masculino;19;Cliente Online
I000970;C286876;Juguetería;5;2542.84;Efectivo;10/03/2021;Pintor Sorolla;Tienda física;Masculino;34;Norte
I000971;C342202;Juguetería;5;4620.87;Tarjeta ECI;27/11/2023;Plaza Catalunya;Tienda física;Masculino;24;Cliente Online
I000972;C562051;Souvenirs;4;4311.85;Otras Tarjetas;25/12/2020;Marbella;Web;Masculino;45;Sur
I000973;C501037;Perfumería;2;3749.58;Efectivo;11/08/2021;Pozuelo;Web;Femenino;23;Cliente Online
I000974;C432836;Juguetería;4;4252.69;Otras Tarjetas;05/10/2022;Bilbao;Web;Femenino;59;Norte
I000975;C502452;Souvenirs;1;4791.17;Tarjeta ECI;28/01/2020;Diagonal;Tienda física;Masculino;32;Sur
I000976;C543430;Souvenirs;2;878.36;Efectivo;12/11/2020;Castellana;Web;Masculino;20;Sur
I000977;C429230;Libros;1;4392.0;Efectivo;21/05/2022;Plaza Catalunya;Tienda física;Masculino;65;Cliente Online
I000978;C827156;Souvenirs;3;1440.14;Otras Tarjetas;11/03/2020;Bilbao;Web;Femenino;18;Norte
I000979;C384614;Supermercado;4;2136.57;Tarjeta ECI;20/11/2021;Bilbao;Web;Masculino;68;Sur
I000980;C900071;Moda;3;2450.33;Tarjeta ECI;19/08/2021;Princesa;Web;Femenino;20;Cliente Online
I000981;C175161;Souvenirs;3;3521.88;Efectivo;20/01/2020;Goya;Tienda física;Masculino;40;Cliente Online
I000982;C898922;Juguetería;5;537.62;Tarjeta ECI;16/02/2023;Goya;Tienda física;Masculino;32;Norte
I000983;C442688;Zapatería;3;1123.44;Tarjeta ECI;16/02/2021;Pozuelo;Tienda física;Masculino;46;Cliente Online
I000984;C608584;Zapatería;3;2546.36;Efectivo;07/03/2021;Diagonal;Web;Masculino;67;Sur
I000985;C807034;Electrónica;2;3061.29;Otras Tarjetas;31/10/2022;Castellana;Tienda física;Masculino;69;Centro
I000986;C358647;Zapatería;2;3948.9;Tarjeta ECI;28/10/2020;Plaza Catalunya;Web;Masculino;62;Centro
I000987;C726303;Juguetería;3;2424.6;Tarjeta ECI;12/01/2022;Pintor Sorolla;Tienda física;Masculino;21;Cliente Online
I000988;C928696;Libros;2;553.53;Tarjeta ECI;04/12/2020;Diagonal;Web;Masculino;32;Norte
I000989;C121301;Souvenirs;4;3003.73;Tarjeta ECI;25/12/2021;Diagonal;Web;Femenino;22;Centro
I000990;C854772;Juguetería;5;3340.82;Tarjeta ECI;28/01/2022;Pintor Sorolla;Web;Masculino;19;Norte
I000991;C882633;Electrónica;1;3780.19;Otras Tarjetas;05/02/2020;Pintor Sorolla;Tienda física;Masculino;21;Cliente Online
I000992;C351168;Electrónica;2;391.76;Tarjeta ECI;05/05/2022;Web ECI;Tienda física;Masculino;48;Cliente Online
I000993;C258179;Moda;2;2153.87;Efectivo;31/03/2023;Bilbao;Web;Femenino;35;Sur
I000994;C722790;Libros;4;4988.87;Efectivo;07/08/2022;Bilbao;Tienda física;Masculino;41;Norte
I000995;C477491;Perfumería;4;2874.78;Tarjeta ECI;28/04/2022;Pintor Sorolla;Tienda física;Femenino;36;Norte
I000996;C138045;Libros;5;3516.25;Otras Tarjetas;02/06/2021;Marbella;Web;Masculino;37;Centro
I000997;C593645;Souvenirs;1;1279.83;Efectivo;24/07/2020;Pozuelo;Tienda física;Masculino;61;Sur
I000998;C955548;Souvenirs;2;1490.01;Efectivo;23/12/2020;Web ECI;Web;Femenino;40;Centro
I000999;C965795;Souvenirs;3;778.06;Otras Tarjetas;05/05/2022;Bilbao;Web;Masculino;47;Norte
I001000;C764996;Supermercado;1;3772.01;Otras Tarjetas;17/09/2021;Plaza Catalunya;Web;Masculino;66;Sur
